flow_id,firstIp,secondIp,firstPort,secondPort,fwd_count,bwd_count,N_IN_Conn_P_DstIP,TnP_PDstIP,Srate,Drate,Dur,Bytes,proto_number
11915,10.0.2.2,10.0.5.5,33479,5000,6,0,3,13,1.1839445282523697,0.0,5.067805,6396,17
48657,10.0.3.3,10.0.5.5,60531,5001,4,0,3,13,0.6651584199494314,0.0,6.013605,220,17
65365,10.0.4.4,10.0.5.5,41764,80,3,0,3,13,0.49653904013376104,0.0,6.041821,159,17
49617,10.0.5.5,10.0.7.7,0,0,2,0,1,2,0.3942410839422058,0.0,5.073038,152,1
11915,10.0.2.2,10.0.5.5,33479,5000,6,0,1,6,1.184453105428763,0.0,5.065629,6396,17
48657,10.0.3.3,10.0.5.5,60531,5001,4,0,3,13,0.6647485347695891,0.0,6.017313,220,17
65365,10.0.4.4,10.0.5.5,41764,80,3,0,3,13,0.49996133632332435,0.0,6.000464,159,17
11915,10.0.2.2,10.0.5.5,33479,5000,6,0,3,13,1.1639381692765718,0.0,5.154913,6396,17
49617,10.0.5.5,10.0.7.7,0,0,2,0,1,2,0.39406809299612927,0.0,5.075265,152,1
48657,10.0.3.3,10.0.5.5,60531,5001,4,0,2,10,0.658466888251749,0.0,6.074717,220,17
11915,10.0.2.2,10.0.5.5,33479,5000,6,0,2,10,1.167915492749386,0.0,5.137358,6396,17
65365,10.0.4.4,10.0.5.5,41764,80,3,0,1,3,0.4993873349712128,0.0,6.007361,159,17
11915,10.0.2.2,10.0.5.5,33479,5000,6,0,2,10,1.1827076317166705,0.0,5.073105,6396,17
49617,10.0.5.5,10.0.7.7,0,0,2,0,1,2,0.3944801185965029,0.0,5.069964,152,1
48657,10.0.3.3,10.0.5.5,60531,5001,4,0,2,10,0.664187476213786,0.0,6.022396,220,17
65365,10.0.4.4,10.0.5.5,41764,80,3,0,3,13,0.4965240831558673,0.0,6.042003,159,17
11915,10.0.2.2,10.0.5.5,33479,5000,6,0,3,13,1.1787705776506279,0.0,5.090049,6396,17
48657,10.0.3.3,10.0.5.5,60531,5001,4,0,3,13,0.6618858650633143,0.0,6.043338,220,17
49617,10.0.5.5,10.0.7.7,0,0,2,0,1,2,0.39525683888204766,0.0,5.060001,152,1
11915,10.0.2.2,10.0.5.5,33479,5000,6,0,2,9,1.1800264011240145,0.0,5.084632,6396,17
65365,10.0.4.4,10.0.5.5,41764,80,3,0,2,9,0.4968357360033507,0.0,6.038213,159,17
48657,10.0.3.3,10.0.5.5,60531,5001,4,0,2,10,0.6640471114863715,0.0,6.023669,220,17
11915,10.0.2.2,10.0.5.5,33479,5000,6,0,2,10,1.1736405037421527,0.0,5.112298,6396,17
49617,10.0.5.5,10.0.7.7,0,0,2,0,1,2,0.3960608579193062,0.0,5.049729,152,1
65365,10.0.4.4,10.0.5.5,41764,80,3,0,1,3,0.495629293078983,0.0,6.052911,159,17
11915,10.0.2.2,10.0.5.5,33479,5000,6,0,2,10,1.1729776448055564,0.0,5.115187,6396,17
48657,10.0.3.3,10.0.5.5,60531,5001,4,0,2,10,0.6614212653220303,0.0,6.047583,220,17
11915,10.0.2.2,10.0.5.5,33479,5000,6,0,3,13,1.1816320031636227,0.0,5.077723,6396,17
49617,10.0.5.5,10.0.7.7,0,0,2,0,1,2,0.39456152180800713,0.0,5.068918,152,1
65365,10.0.4.4,10.0.5.5,41764,80,3,0,3,13,0.496453008736911,0.0,6.042868,159,17
48657,10.0.3.3,10.0.5.5,60531,5001,4,0,3,13,0.6596450746693487,0.0,6.063867,220,17
11915,10.0.2.2,10.0.5.5,33479,5000,6,0,1,6,1.1740244737141792,0.0,5.110626,6396,17
49617,10.0.5.5,10.0.7.7,0,0,2,0,1,2,0.38835283252905456,0.0,5.149956,152,1
65365,10.0.4.4,10.0.5.5,41764,80,3,0,3,13,0.4968751521680153,0.0,6.037734,159,17
48657,10.0.3.3,10.0.5.5,60531,5001,4,0,3,13,0.6549554089983668,0.0,6.107286,220,17
11915,10.0.2.2,10.0.5.5,33479,5000,6,0,3,13,1.1849115730115851,0.0,5.063669,6396,17
11915,10.0.2.2,10.0.5.5,33479,5000,6,0,2,10,1.1845590360532388,0.0,5.065176,6396,17
48657,10.0.3.3,10.0.5.5,60531,5001,4,0,2,10,0.6632972273015129,0.0,6.030479,220,17
65365,10.0.4.4,10.0.5.5,41764,80,3,0,1,3,0.4974786950603185,0.0,6.030409,159,17
49617,10.0.5.5,10.0.7.7,0,0,2,0,1,2,0.3965672347029642,0.0,5.043281,152,1
11915,10.0.2.2,10.0.5.5,33479,5000,6,0,3,13,1.181394687622508,0.0,5.078743,6396,17
48657,10.0.3.3,10.0.5.5,60531,5001,4,0,3,13,0.6613746771871536,0.0,6.048009,220,17
65365,10.0.4.4,10.0.5.5,41764,80,3,0,3,13,0.493986537220239,0.0,6.07304,159,17
11915,10.0.2.2,10.0.5.5,33479,5000,6,0,1,6,1.1795088643039924,0.0,5.086863,6396,17
49617,10.0.5.5,10.0.7.7,0,0,2,0,1,2,0.3965791086091376,0.0,5.04313,152,1
48657,10.0.3.3,10.0.5.5,60531,5001,4,0,3,13,0.6625245630981769,0.0,6.037512,220,17
11915,10.0.2.2,10.0.5.5,33479,5000,6,0,3,13,1.1715409277823121,0.0,5.12146,6396,17
65365,10.0.4.4,10.0.5.5,41764,80,3,0,3,13,0.4939158620914472,0.0,6.073909,159,17
49617,10.0.5.5,10.0.7.7,0,0,2,0,1,2,0.3889474362821448,0.0,5.142083,152,1
48657,10.0.3.3,10.0.5.5,60531,5001,4,0,2,10,0.6575670348494089,0.0,6.08303,220,17
11915,10.0.2.2,10.0.5.5,33479,5000,6,0,2,10,1.1583127861515212,0.0,5.179948,6396,17
65365,10.0.4.4,10.0.5.5,41764,80,3,0,1,3,0.49515752446325756,0.0,6.058678,159,17
11915,10.0.2.2,10.0.5.5,33479,5000,6,0,2,10,1.1697906250249799,0.0,5.129123,6396,17
48657,10.0.3.3,10.0.5.5,60531,5001,4,0,2,10,0.658614554887702,0.0,6.073355,220,17
49617,10.0.5.5,10.0.7.7,0,0,2,0,1,2,0.3890333066975196,0.0,5.140948,152,1
11915,10.0.2.2,10.0.5.5,33479,5000,6,0,2,9,1.1863170194971202,0.0,5.05767,6396,17
65365,10.0.4.4,10.0.5.5,41764,80,3,0,2,9,0.49425046669600314,0.0,6.069797,159,17
48657,10.0.3.3,10.0.5.5,60531,5001,4,0,2,10,0.6542417436327558,0.0,6.113948,220,17
11915,10.0.2.2,10.0.5.5,33479,5000,6,0,2,10,1.1728217328558386,0.0,5.115867,6396,17
49617,10.0.5.5,10.0.7.7,0,0,2,0,1,2,0.3914756184091409,0.0,5.108875,152,1
65365,10.0.4.4,10.0.5.5,41764,80,3,0,3,13,0.4962592802553155,0.0,6.045227,159,17
48657,10.0.3.3,10.0.5.5,60531,5001,4,0,3,13,0.6615460794960077,0.0,6.046442,220,17
11915,10.0.2.2,10.0.5.5,33479,5000,6,0,3,13,1.1761756218391506,0.0,5.101279,6396,17
49617,10.0.5.5,10.0.7.7,0,0,2,0,1,2,0.3907890245339304,0.0,5.117851,152,1
11915,10.0.2.2,10.0.5.5,33479,5000,6,0,2,9,1.182503442563147,0.0,5.073981,6396,17
65365,10.0.4.4,10.0.5.5,41764,80,3,0,2,9,0.49564460563541307,0.0,6.052724,159,17
48657,10.0.3.3,10.0.5.5,60531,5001,4,0,1,4,0.663091498338127,0.0,6.03235,220,17
11915,10.0.2.2,10.0.5.5,33479,5000,6,0,3,13,1.181973020283839,0.0,5.076258,6396,17
49617,10.0.5.5,10.0.7.7,0,0,2,0,1,2,0.3903686680738156,0.0,5.123362,152,1
65365,10.0.4.4,10.0.5.5,41764,80,3,0,3,13,0.4942631697657242,0.0,6.069641,159,17
48657,10.0.3.3,10.0.5.5,60531,5001,4,0,3,13,0.6578442083478128,0.0,6.080467,220,17
11915,10.0.2.2,10.0.5.5,33479,5000,6,0,1,6,1.1744928344192171,0.0,5.108588,6396,17
48657,10.0.3.3,10.0.5.5,60531,5001,4,0,3,13,0.6600039270233657,0.0,6.06057,220,17
11915,10.0.2.2,10.0.5.5,33479,5000,6,0,3,13,1.1775061009534855,0.0,5.095515,6396,17
65365,10.0.4.4,10.0.5.5,41764,80,3,0,3,13,0.496387211146077,0.0,6.043669,159,17
49617,10.0.5.5,10.0.7.7,0,0,2,0,1,2,0.39167740352349073,0.0,5.106243,152,1
11915,10.0.2.2,10.0.5.5,33479,5000,6,0,1,6,1.1671528182363737,0.0,5.140715,6396,17
48657,10.0.3.3,10.0.5.5,60531,5001,4,0,2,7,0.6549385724926127,0.0,6.107443,220,17
65365,10.0.4.4,10.0.5.5,41764,80,3,0,2,7,0.48827401807688064,0.0,6.144091,159,17
49617,10.0.5.5,10.0.7.7,0,0,2,0,1,2,0.38826130762525796,0.0,5.15117,152,1
11915,10.0.2.2,10.0.5.5,33479,5000,6,0,2,10,1.1703119934743402,0.0,5.126838,6396,17
48657,10.0.3.3,10.0.5.5,60531,5001,4,0,2,10,0.6487576048582862,0.0,6.165631,220,17
65365,10.0.4.4,10.0.5.5,41764,80,3,0,2,9,0.5088698560254517,0.0,5.895417,159,17
11915,10.0.2.2,10.0.5.5,33479,5000,6,0,2,9,1.1293817895845022,0.0,5.312641,6396,17
49617,10.0.5.5,10.0.7.7,0,0,2,0,1,2,0.3905507800958919,0.0,5.120973,152,1
48657,10.0.3.3,10.0.5.5,60531,5001,4,0,2,11,0.6686829687116552,0.0,5.981908,220,17
11915,10.0.2.2,10.0.5.5,33479,5000,7,0,2,11,1.1692147754005229,0.0,5.986924,7462,17
65365,10.0.4.4,10.0.5.5,41764,80,3,0,3,13,0.5093792856838442,0.0,5.889521,159,17
49617,10.0.5.5,10.0.7.7,0,0,2,0,1,2,0.39604046662279857,0.0,5.049989,152,1
48657,10.0.3.3,10.0.5.5,60531,5001,4,0,3,13,0.6642631412007554,0.0,6.02171,220,17
11915,10.0.2.2,10.0.5.5,33479,5000,6,0,3,13,1.1792418064805232,0.0,5.088015,6396,17
65365,10.0.4.4,10.0.5.5,41764,80,3,0,1,3,0.4956401018441281,0.0,6.052779,159,17
11915,10.0.2.2,10.0.5.5,33479,5000,6,0,2,10,1.1818577740536127,0.0,5.076753,6396,17
48657,10.0.3.3,10.0.5.5,60531,5001,4,0,2,10,0.5880070954816212,0.0,6.802639,220,17
49617,10.0.5.5,10.0.7.7,0,0,2,0,1,2,0.3967965031117774,0.0,5.040367,152,1
11915,10.0.2.2,10.0.5.5,33479,5000,3,0,1,3,0.48825613786790917,0.0,6.144316,3198,17
65365,10.0.4.4,10.0.5.5,41764,80,2,0,1,2,0.17840815325260365,0.0,11.21025,106,17
49617,10.0.5.5,10.0.7.7,0,0,2,0,1,2,0.2738400341533291,0.0,7.303534,152,1
48657,10.0.3.3,10.0.5.5,60531,5001,2,0,2,5,0.2607420170246285,0.0,7.670417,110,17
11915,10.0.2.2,10.0.5.5,33479,5000,3,0,2,5,0.38316148327940763,0.0,7.829597,3198,17
11915,10.0.2.2,10.0.5.5,33479,5000,3,0,1,3,0.355463040374914,0.0,8.439696,3198,17
48657,10.0.3.3,10.0.5.5,60531,5001,2,0,2,4,0.18556599065285548,0.0,10.777837,110,17
65365,10.0.4.4,10.0.5.5,41764,80,2,0,2,4,0.15010409343619566,0.0,13.324087,106,17
49617,10.0.5.5,10.0.7.7,0,0,2,0,1,2,0.2581035480462336,0.0,7.748828,152,1
11915,10.0.2.2,10.0.5.5,33479,5000,3,0,1,3,0.4924139527134881,0.0,6.092435,3198,17
48657,10.0.3.3,10.0.5.5,60531,5001,2,0,1,2,0.1958274842111643,0.0,10.213071,110,17
11915,10.0.2.2,10.0.5.5,33479,5000,2,0,1,2,0.26926768479470964,0.0,7.427553,2132,17
49617,10.0.5.5,10.0.7.7,0,0,2,0,1,2,0.1189277497864801,0.0,16.816933,152,1
65365,10.0.4.4,10.0.5.5,41764,80,2,0,3,7,0.16449830484496858,0.0,12.15818,106,17
11915,10.0.2.2,10.0.5.5,33479,5000,5,0,3,7,0.8948898211652182,0.0,5.58728,5330,17
26370,10.0.1.1,10.0.5.5,80,3150,0,2,3,7,0.0,0.11735448718377513,17.042382,102,6
48657,10.0.3.3,10.0.5.5,60531,5001,4,0,4,35,0.7065380202239443,0.0,5.661408,220,17
65365,10.0.4.4,10.0.5.5,41764,80,5,0,4,35,0.882246085606455,0.0,5.667353,265,17
11915,10.0.2.2,10.0.5.5,33479,5000,12,0,4,35,2.228429222952301,0.0,5.384959,12792,17
48657,10.0.3.3,10.0.5.5,60531,5001,6,0,4,35,1.1416396113934872,0.0,5.255599,330,17
51047,10.0.1.1,10.0.5.5,80,3264,0,2,4,35,0.0,0.008854753499313356,225.867383,102,6
11915,10.0.2.2,10.0.5.5,33479,5000,8,0,4,35,1.5554929901708399,0.0,5.143064,8528,17
49617,10.0.5.5,10.0.7.7,0,0,3,0,1,3,0.2454674838224655,0.0,12.221578,228,1
65365,10.0.4.4,10.0.5.5,41764,80,6,0,3,61,1.0691939560604053,0.0,5.611704,318,17
48657,10.0.3.3,10.0.5.5,60531,5001,10,0,3,61,1.989241386883181,0.0,5.027042,550,17
11915,10.0.2.2,10.0.5.5,33479,5000,20,0,3,61,3.89375651717497,0.0,5.136428,21320,17
48657,10.0.3.3,10.0.5.5,60531,5001,6,0,3,61,1.1923728677143781,0.0,5.031983,330,17
65365,10.0.4.4,10.0.5.5,41764,80,6,0,3,61,0.9762559899406583,0.0,6.145929,318,17
11915,10.0.2.2,10.0.5.5,33479,5000,13,0,3,61,2.3226433968766877,0.0,5.597071,13858,17
49617,10.0.5.5,10.0.7.7,0,0,4,0,1,4,0.56067176326644,0.0,7.134299,304,1
48657,10.0.3.3,10.0.5.5,60531,5001,6,0,3,16,0.8992807103238475,0.0,6.671999,330,17
65365,10.0.4.4,10.0.5.5,41764,80,4,0,3,16,0.5270709573229329,0.0,7.589111,212,17
11915,10.0.2.2,10.0.5.5,33479,5000,6,0,3,16,1.1660812614822564,0.0,5.145439,6396,17
49617,10.0.5.5,10.0.7.7,0,0,2,0,1,2,0.38946254558172266,0.0,5.135282,152,1
1305,10.0.1.1,10.0.5.5,80,2004,1,1,17,22,0.010944780125715247,0.010944780125715247,91.367756,108,6
62745,10.0.1.1,10.0.5.5,80,2007,1,1,17,22,0.012040271722925799,0.012040271722925799,83.054604,108,6
1308,10.0.1.1,10.0.5.5,80,2008,1,1,17,22,0.012091926647422526,0.012091926647422526,82.699807,108,6
62748,10.0.1.1,10.0.5.5,80,2011,1,1,17,22,0.010945052770477427,0.010945052770477427,91.36548,108,6
21791,10.0.1.1,10.0.5.5,80,2013,1,1,17,22,0.01204710214547565,0.01204710214547565,83.007514,108,6
42271,10.0.1.1,10.0.5.5,80,2014,1,1,17,22,0.010901625832501293,0.010901625832501293,91.729437,108,6
21774,10.0.1.1,10.0.5.5,80,2017,1,1,17,22,0.011490444385582728,0.011490444385582728,87.028836,108,6
42254,10.0.1.1,10.0.5.5,80,2018,1,1,17,22,0.01115576428883001,0.01115576428883001,89.639757,108,6
1293,10.0.1.1,10.0.5.5,80,2020,1,1,17,22,0.011402818521315335,0.011402818521315335,87.697616,108,6
62733,10.0.1.1,10.0.5.5,80,2023,1,1,17,22,0.011033794371604115,0.011033794371604115,90.630654,108,6
1288,10.0.1.1,10.0.5.5,80,2024,1,1,17,22,0.01112588368861006,0.01112588368861006,89.880501,108,6
11915,10.0.2.2,10.0.5.5,33479,5000,4,0,17,22,0.7782139018185886,0.0,5.139975,4264,17
62728,10.0.1.1,10.0.5.5,80,2027,1,1,17,22,0.011423785710982608,0.011423785710982608,87.536656,108,6
21771,10.0.1.1,10.0.5.5,80,2029,1,1,17,22,0.011107245296092725,0.011107245296092725,90.031324,108,6
48657,10.0.3.3,10.0.5.5,60531,5001,3,0,17,22,0.4757779842301801,0.0,6.305462,165,17
42251,10.0.1.1,10.0.5.5,80,2030,1,1,17,22,0.011377073721981453,0.011377073721981453,87.896064,108,6
1282,10.0.1.1,10.0.5.5,80,2032,1,1,17,22,0.011148257600915477,0.011148257600915477,89.700116,108,6
62722,10.0.1.1,10.0.5.5,80,2035,1,1,7,7,0.010791644733098398,0.010791644733098398,92.664281,108,6
21761,10.0.1.1,10.0.5.5,80,2037,1,1,7,7,0.011130689623135218,0.011130689623135218,89.841693,108,6
42241,10.0.1.1,10.0.5.5,80,2038,1,1,7,7,0.010784609572706327,0.010784609572706327,92.724729,108,6
21764,10.0.1.1,10.0.5.5,80,2041,1,1,7,7,0.010674354593029076,0.010674354593029076,93.682479,108,6
42244,10.0.1.1,10.0.5.5,80,2042,1,1,7,7,0.011016357947556453,0.011016357947556453,90.774102,108,6
1287,10.0.1.1,10.0.5.5,80,2044,1,1,7,7,0.010578150732343358,0.010578150732343358,94.534482,108,6
62727,10.0.1.1,10.0.5.5,80,2047,1,1,7,7,0.010915907873710936,0.010915907873710936,91.609421,108,6
65365,10.0.4.4,10.0.5.5,41764,80,3,0,1,3,0.45567449166092894,0.0,6.583647,159,17
28964,10.0.1.1,10.0.5.5,2151,80,2,0,18,41,0.019442974339551326,0.0,102.86492,108,6
25895,10.0.1.1,10.0.5.5,2152,80,2,0,18,41,0.019423610383197825,0.0,102.967469,108,6
39206,10.0.1.1,10.0.5.5,2153,80,2,0,18,41,0.019361234724796554,0.0,103.299197,108,6
56614,10.0.1.1,10.0.5.5,2154,80,2,0,18,41,0.019350545385446415,0.0,103.35626,108,6
8487,10.0.1.1,10.0.5.5,2155,80,2,0,18,41,0.019344424046179164,0.0,103.388966,108,6
21798,10.0.1.1,10.0.5.5,2156,80,2,0,18,41,0.01935118476903079,0.0,103.352845,108,6
43303,10.0.1.1,10.0.5.5,2157,80,2,0,18,41,0.01934643711370969,0.0,103.378208,108,6
60711,10.0.1.1,10.0.5.5,2158,80,2,0,18,41,0.01934751137024222,0.0,103.372468,108,6
4390,10.0.1.1,10.0.5.5,2159,80,2,0,18,41,0.01935339794284605,0.0,103.341026,108,6
50465,10.0.1.1,10.0.5.5,2160,80,2,0,18,41,0.01934000754415014,0.0,103.412576,108,6
14624,10.0.1.1,10.0.5.5,2161,80,2,0,18,41,0.01934000623502461,0.0,103.412583,108,6
32032,10.0.1.1,10.0.5.5,2162,80,2,0,18,41,0.019304795883684705,0.0,103.601199,108,6
33057,10.0.1.1,10.0.5.5,2163,80,2,0,18,41,0.019295681201077428,0.0,103.650137,108,6
62752,10.0.1.1,10.0.5.5,2164,80,2,0,18,41,0.019275900786938648,0.0,103.7565,108,6
2337,10.0.1.1,10.0.5.5,2165,80,2,0,18,41,0.019255885385658172,0.0,103.864349,108,6
19745,10.0.1.1,10.0.5.5,2166,80,2,0,18,41,0.01924110873656588,0.0,103.944114,108,6
45344,10.0.1.1,10.0.5.5,2167,80,2,0,18,41,0.019210590906345977,0.0,104.109239,108,6
11915,10.0.2.2,10.0.5.5,33479,5000,7,0,18,41,0.9983023156050054,0.0,7.011904,7462,17
42275,10.0.1.1,10.0.5.5,2168,80,2,0,21,42,0.01918594919313155,0.0,104.242953,108,6
22818,10.0.1.1,10.0.5.5,2169,80,2,0,21,42,0.0191625103421266,0.0,104.370459,108,6
7458,10.0.1.1,10.0.5.5,2170,80,2,0,21,42,0.0191271771748509,0.0,104.56326,108,6
57635,10.0.1.1,10.0.5.5,2171,80,2,0,21,42,0.019125161376916375,0.0,104.574281,108,6
38178,10.0.1.1,10.0.5.5,2172,80,2,0,21,42,0.019103808077642156,0.0,104.691169,108,6
26915,10.0.1.1,10.0.5.5,2173,80,2,0,21,42,0.019070318720425094,0.0,104.875017,108,6
11555,10.0.1.1,10.0.5.5,2174,80,2,0,21,42,0.019067128897089957,0.0,104.892562,108,6
53538,10.0.1.1,10.0.5.5,2175,80,2,0,21,42,0.019049473377784707,0.0,104.989779,108,6
50450,10.0.1.1,10.0.5.5,2176,80,2,0,21,42,0.01902852093666296,0.0,105.105384,108,6
14611,10.0.1.1,10.0.5.5,2177,80,2,0,21,42,0.019002788934816623,0.0,105.247709,108,6
32019,10.0.1.1,10.0.5.5,2178,80,2,0,21,42,0.018980560186179555,0.0,105.370968,108,6
33042,10.0.1.1,10.0.5.5,2179,80,2,0,21,42,0.01896739887275231,0.0,105.444084,108,6
62739,10.0.1.1,10.0.5.5,2180,80,2,0,21,42,0.018965068619411277,0.0,105.45704,108,6
2322,10.0.1.1,10.0.5.5,2181,80,2,0,21,42,0.018952411338511305,0.0,105.527469,108,6
19730,10.0.1.1,10.0.5.5,2182,80,2,0,21,42,0.0189364846067589,0.0,105.616224,108,6
45331,10.0.1.1,10.0.5.5,2183,80,2,0,21,42,0.018905071745834317,0.0,105.791717,108,6
42256,10.0.1.1,10.0.5.5,2184,80,2,0,21,42,0.018908883846498855,0.0,105.770389,108,6
22801,10.0.1.1,10.0.5.5,2185,80,2,0,21,42,0.018908663243259488,0.0,105.771623,108,6
7441,10.0.1.1,10.0.5.5,2186,80,2,0,21,42,0.01888874848252517,0.0,105.88314,108,6
57616,10.0.1.1,10.0.5.5,2187,80,2,0,21,42,0.018853166234201742,0.0,106.082977,108,6
38161,10.0.1.1,10.0.5.5,2188,80,2,0,21,42,0.018840347946560334,0.0,106.155152,108,6
26896,10.0.1.1,10.0.5.5,2189,80,2,0,10,22,0.01881012173402913,0.0,106.325734,108,6
11536,10.0.1.1,10.0.5.5,2190,80,2,0,10,22,0.018822583588011515,0.0,106.255339,108,6
53521,10.0.1.1,10.0.5.5,2191,80,2,0,10,22,0.018806177107022457,0.0,106.348036,108,6
48657,10.0.3.3,10.0.5.5,60531,5001,4,0,10,22,0.46756118914837236,0.0,8.55503,220,17
1302,10.0.1.1,10.0.5.5,2192,80,2,0,10,22,0.01877227183394724,0.0,106.540115,108,6
63767,10.0.1.1,10.0.5.5,2193,80,2,0,10,22,0.018775606289204758,0.0,106.521194,108,6
48407,10.0.1.1,10.0.5.5,2194,80,2,0,10,22,0.01875781737901088,0.0,106.622213,108,6
16662,10.0.1.1,10.0.5.5,2195,80,2,0,10,22,0.018746438586746864,0.0,106.686931,108,6
13591,10.0.1.1,10.0.5.5,2196,80,2,0,10,22,0.018737209863439654,0.0,106.739478,108,6
51478,10.0.1.1,10.0.5.5,2197,80,2,0,10,22,0.01872768298100366,0.0,106.793777,108,6
36118,10.0.1.1,10.0.5.5,2198,80,2,0,31,46,0.018728496174798298,0.0,106.78914,108,6
28951,10.0.1.1,10.0.5.5,2199,80,2,0,31,46,0.018710206839746245,0.0,106.893527,108,6
25876,10.0.1.1,10.0.5.5,2200,80,2,0,31,46,0.01872114772766874,0.0,106.831057,108,6
39189,10.0.1.1,10.0.5.5,2201,80,2,0,31,46,0.018709818268073847,0.0,106.895747,108,6
56597,10.0.1.1,10.0.5.5,2202,80,2,0,31,46,0.018684233832439043,0.0,107.04212,108,6
49617,10.0.5.5,10.0.7.7,0,0,2,0,1,2,0.16507797003950397,0.0,12.115487,152,1
8468,10.0.1.1,10.0.5.5,2203,80,2,0,31,46,0.018678906156904623,0.0,107.072651,108,6
21781,10.0.1.1,10.0.5.5,2204,80,2,0,31,46,0.01867554858326775,0.0,107.091901,108,6
43284,10.0.1.1,10.0.5.5,2205,80,2,0,31,46,0.01866525385627178,0.0,107.150967,108,6
60692,10.0.1.1,10.0.5.5,2206,80,2,0,31,46,0.0186569616386096,0.0,107.198591,108,6
13916,10.0.1.1,10.0.5.5,80,2151,0,2,31,46,0.0,0.018192672757324873,109.934369,108,6
4373,10.0.1.1,10.0.5.5,2207,80,2,0,31,46,0.018632390025112733,0.0,107.33996,108,6
63768,10.0.1.1,10.0.5.5,2209,80,2,0,31,46,0.01861086217015085,0.0,107.464124,108,6
50777,10.0.1.1,10.0.5.5,80,2152,0,2,31,46,0.0,0.018138334657461994,110.263706,108,6
48408,10.0.1.1,10.0.5.5,2210,80,2,0,31,46,0.01858326726749529,0.0,107.623701,108,6
16665,10.0.1.1,10.0.5.5,2211,80,2,0,31,46,0.01857596417172056,0.0,107.666013,108,6
13592,10.0.1.1,10.0.5.5,2212,80,2,0,31,46,0.018571386268463705,0.0,107.692553,108,6
22104,10.0.1.1,10.0.5.5,80,2153,0,2,31,46,0.0,0.018083382767274024,110.598776,108,6
51481,10.0.1.1,10.0.5.5,2213,80,2,0,31,46,0.018550234954493396,0.0,107.815346,108,6
36121,10.0.1.1,10.0.5.5,2214,80,2,0,31,46,0.01854287905418263,0.0,107.858116,108,6
28952,10.0.1.1,10.0.5.5,2215,80,2,0,31,46,0.01853838428544915,0.0,107.884267,108,6
42584,10.0.1.1,10.0.5.5,80,2154,0,2,31,46,0.0,0.01804764428295252,110.817787,108,6
25883,10.0.1.1,10.0.5.5,2216,80,2,0,31,46,0.018523654887897482,0.0,107.970053,108,6
13913,10.0.1.1,10.0.5.5,80,2155,0,2,31,46,0.0,0.018038113451436077,110.87634,108,6
39194,10.0.1.1,10.0.5.5,2217,80,2,0,31,46,0.01852042835194959,0.0,107.988863,108,6
56602,10.0.1.1,10.0.5.5,2218,80,2,0,31,46,0.01851021959867419,0.0,108.048421,108,6
8475,10.0.1.1,10.0.5.5,2219,80,2,0,31,46,0.01849960934837429,0.0,108.110391,108,6
1627,10.0.1.1,10.0.5.5,80,2156,0,2,31,46,0.0,0.018008886701249373,111.056282,108,6
21786,10.0.1.1,10.0.5.5,2220,80,2,0,31,46,0.018479639751989192,0.0,108.227218,108,6
38490,10.0.1.1,10.0.5.5,80,2157,0,2,31,46,0.0,0.01799730798066956,111.127731,108,6
43291,10.0.1.1,10.0.5.5,2221,80,2,0,31,46,0.018457763252625565,0.0,108.355491,108,6
26202,10.0.1.1,10.0.5.5,80,2158,0,2,31,46,0.0,0.017978830322829136,111.241942,108,6
60699,10.0.1.1,10.0.5.5,2222,80,2,0,12,14,0.018444159012886315,0.0,108.435413,108,6
63067,10.0.1.1,10.0.5.5,80,2159,0,2,12,14,0.0,0.017974467987202897,111.26894,108,6
4378,10.0.1.1,10.0.5.5,2223,80,2,0,12,14,0.01843163571302308,0.0,108.509089,108,6
50461,10.0.1.1,10.0.5.5,2224,80,2,0,12,14,0.018419836461876553,0.0,108.578597,108,6
50771,10.0.1.1,10.0.5.5,80,2160,0,2,12,14,0.0,0.01794458215964177,111.454253,108,6
14620,10.0.1.1,10.0.5.5,2225,80,2,0,12,14,0.018407709899940658,0.0,108.650126,108,6
22098,10.0.1.1,10.0.5.5,80,2161,0,2,12,14,0.0,0.01795803865426517,111.370737,108,6
32028,10.0.1.1,10.0.5.5,2226,80,2,0,12,14,0.018377751071229922,0.0,108.827244,108,6
42578,10.0.1.1,10.0.5.5,80,2162,0,2,12,14,0.0,0.017954445209573126,111.393027,108,6
33053,10.0.1.1,10.0.5.5,2227,80,2,0,12,14,0.018371678793168828,0.0,108.863214,108,6
13907,10.0.1.1,10.0.5.5,80,2163,0,2,12,14,0.0,0.01792894974157705,111.551431,108,6
2333,10.0.1.1,10.0.5.5,2229,80,2,0,12,14,0.018360000147247202,0.0,108.932461,108,6
1617,10.0.1.1,10.0.5.5,80,2164,0,2,32,40,0.0,0.017882834103022435,111.839096,108,6
19741,10.0.1.1,10.0.5.5,2230,80,2,0,32,40,0.01831335753498472,0.0,109.209903,108,6
38480,10.0.1.1,10.0.5.5,80,2165,0,2,32,40,0.0,0.01786633476733896,111.942378,108,6
45340,10.0.1.1,10.0.5.5,2231,80,2,0,32,40,0.018299034477064467,0.0,109.295384,108,6
26192,10.0.1.1,10.0.5.5,80,2166,0,2,32,40,0.0,0.017842599386244915,112.091291,108,6
22814,10.0.1.1,10.0.5.5,2233,80,2,0,32,40,0.018269597953015783,0.0,109.471484,108,6
63057,10.0.1.1,10.0.5.5,80,2167,0,2,32,40,0.0,0.017815597519997565,112.26118,108,6
7454,10.0.1.1,10.0.5.5,2234,80,2,0,32,40,0.018247337736233455,0.0,109.60503,108,6
57631,10.0.1.1,10.0.5.5,2235,80,2,0,32,40,0.018213181777562284,0.0,109.810577,108,6
38174,10.0.1.1,10.0.5.5,2236,80,2,0,32,40,0.0181974130339262,0.0,109.905732,108,6
1620,10.0.1.1,10.0.5.5,80,2168,0,2,32,40,0.0,0.017749134146207587,112.681553,108,6
26911,10.0.1.1,10.0.5.5,2237,80,2,0,32,40,0.018169901864632576,0.0,110.072141,108,6
11551,10.0.1.1,10.0.5.5,2238,80,2,0,32,40,0.01815540437913437,0.0,110.160036,108,6
53534,10.0.1.1,10.0.5.5,2239,80,2,0,32,40,0.018160451420152296,0.0,110.129421,108,6
65365,10.0.4.4,10.0.5.5,41764,80,2,0,32,40,0.28785701105975425,0.0,6.947894,106,17
38485,10.0.1.1,10.0.5.5,80,2169,0,2,32,40,0.0,0.017683812130504482,113.097786,108,6
26197,10.0.1.1,10.0.5.5,80,2170,0,2,32,40,0.0,0.017678572699218843,113.131305,108,6
63750,10.0.1.1,10.0.5.5,2241,80,2,0,32,40,0.01811863963840341,0.0,110.383563,108,6
63060,10.0.1.1,10.0.5.5,80,2171,0,2,32,40,0.0,0.01765308345746761,113.294655,108,6
48390,10.0.1.1,10.0.5.5,2242,80,2,0,32,40,0.01810605848271375,0.0,110.460264,108,6
50774,10.0.1.1,10.0.5.5,80,2172,0,2,32,40,0.0,0.017635407835736194,113.408208,108,6
16647,10.0.1.1,10.0.5.5,2243,80,2,0,32,40,0.018087892851736193,0.0,110.571199,108,6
22103,10.0.1.1,10.0.5.5,80,2173,0,2,32,40,0.0,0.01762087073726578,113.501769,108,6
13574,10.0.1.1,10.0.5.5,2244,80,2,0,32,40,0.018058062340656787,0.0,110.753854,108,6
51463,10.0.1.1,10.0.5.5,2245,80,2,0,32,40,0.01804081266608654,0.0,110.859751,108,6
42583,10.0.1.1,10.0.5.5,80,2174,0,2,32,40,0.0,0.01758448335341584,113.736637,108,6
11915,10.0.2.2,10.0.5.5,33479,5000,4,0,32,40,0.5463732969885816,0.0,7.321002,4264,17
36103,10.0.1.1,10.0.5.5,2246,80,2,0,32,40,0.018025215275371348,0.0,110.955679,108,6
13910,10.0.1.1,10.0.5.5,80,2175,0,2,32,40,0.0,0.01755234312766659,113.944901,108,6
28934,10.0.1.1,10.0.5.5,2247,80,2,0,32,40,0.017994113891422636,0.0,111.147457,108,6
50711,10.0.1.1,10.0.5.5,80,2176,0,2,32,40,0.0,0.017538907984618553,114.032185,108,6
25861,10.0.1.1,10.0.5.5,2248,80,2,0,32,40,0.017981257038931643,0.0,111.226929,108,6
22038,10.0.1.1,10.0.5.5,80,2177,0,2,35,40,0.0,0.01753340574045457,114.06797,108,6
39172,10.0.1.1,10.0.5.5,2249,80,2,0,35,40,0.017959967358477723,0.0,111.358777,108,6
56580,10.0.1.1,10.0.5.5,2250,80,2,0,35,40,0.017946432930649178,0.0,111.442759,108,6
42518,10.0.1.1,10.0.5.5,80,2178,0,2,35,40,0.0,0.017484497938149324,114.387042,108,6
8453,10.0.1.1,10.0.5.5,2251,80,2,0,35,40,0.017921146150486286,0.0,111.600005,108,6
13847,10.0.1.1,10.0.5.5,80,2179,0,2,35,40,0.0,0.017462629013466586,114.530292,108,6
1557,10.0.1.1,10.0.5.5,80,2180,0,2,35,40,0.0,0.0174459693966294,114.63966,108,6
43269,10.0.1.1,10.0.5.5,2253,80,2,0,35,40,0.01790894832781284,0.0,111.676016,108,6
60677,10.0.1.1,10.0.5.5,2254,80,2,0,35,40,0.017904657181274652,0.0,111.702781,108,6
38420,10.0.1.1,10.0.5.5,80,2181,0,2,35,40,0.0,0.01741881183253617,114.818394,108,6
26132,10.0.1.1,10.0.5.5,80,2182,0,2,35,40,0.0,0.017411977967788504,114.863458,108,6
4356,10.0.1.1,10.0.5.5,2255,80,2,0,35,40,0.01788235106458151,0.0,111.842117,108,6
50435,10.0.1.1,10.0.5.5,2256,80,2,0,35,40,0.01786085839410468,0.0,111.976701,108,6
62997,10.0.1.1,10.0.5.5,80,2183,0,2,35,40,0.0,0.017353971578741294,115.247394,108,6
14594,10.0.1.1,10.0.5.5,2257,80,2,0,35,40,0.017839175939960896,0.0,112.112802,108,6
32002,10.0.1.1,10.0.5.5,2258,80,2,0,35,40,0.01781870790419351,0.0,112.241584,108,6
1552,10.0.1.1,10.0.5.5,80,2184,0,2,35,40,0.0,0.017315197130359304,115.505471,108,6
33027,10.0.1.1,10.0.5.5,2259,80,2,0,35,40,0.01780965642955445,0.0,112.298629,108,6
38417,10.0.1.1,10.0.5.5,80,2185,0,2,35,40,0.0,0.01729470275533843,115.642346,108,6
26129,10.0.1.1,10.0.5.5,80,2186,0,2,35,40,0.0,0.017275734938917105,115.769315,108,6
2307,10.0.1.1,10.0.5.5,2261,80,2,0,35,40,0.0177595771316816,0.0,112.615294,108,6
19715,10.0.1.1,10.0.5.5,2262,80,2,0,35,40,0.017722268011147624,0.0,112.852373,108,6
45314,10.0.1.1,10.0.5.5,2263,80,2,0,35,40,0.017717074670374047,0.0,112.885453,108,6
62992,10.0.1.1,10.0.5.5,80,2187,0,2,35,40,0.0,0.017175011364919706,116.448249,108,6
50706,10.0.1.1,10.0.5.5,80,2188,0,2,35,40,0.0,0.017158443235378552,116.560691,108,6
22784,10.0.1.1,10.0.5.5,2265,80,2,0,35,40,0.017649234091631206,0.0,113.319365,108,6
7424,10.0.1.1,10.0.5.5,2266,80,2,0,35,40,0.01763167529055414,0.0,113.432216,108,6
22035,10.0.1.1,10.0.5.5,80,2189,0,2,35,40,0.0,0.017113219003339817,116.86872,108,6
57601,10.0.1.1,10.0.5.5,2267,80,2,0,35,40,0.017616467620254282,0.0,113.530138,108,6
42515,10.0.1.1,10.0.5.5,80,2190,0,2,35,40,0.0,0.017112859376036398,116.871176,108,6
38144,10.0.1.1,10.0.5.5,2268,80,2,0,35,40,0.01760267109972336,0.0,113.61912,108,6
48657,10.0.3.3,10.0.5.5,60531,5001,2,0,35,40,0.31737759777531,0.0,6.301642,110,17
13842,10.0.1.1,10.0.5.5,80,2191,0,2,35,40,0.0,0.01707862137371874,117.105471,108,6
26881,10.0.1.1,10.0.5.5,2269,80,2,0,35,40,0.017559178800403086,0.0,113.900543,108,6
11521,10.0.1.1,10.0.5.5,2270,80,2,0,35,40,0.017532516572282556,0.0,114.073755,108,6
1562,10.0.1.1,10.0.5.5,80,2192,0,2,50,48,0.0,0.017031841700817424,117.427113,108,6
53504,10.0.1.1,10.0.5.5,2271,80,2,0,50,48,0.017515108598358604,0.0,114.187131,108,6
38427,10.0.1.1,10.0.5.5,80,2193,0,2,50,48,0.0,0.017030117038202088,117.439005,108,6
50444,10.0.1.1,10.0.5.5,2272,80,2,0,50,48,0.017028682840918317,0.0,117.448896,108,6
14605,10.0.1.1,10.0.5.5,2273,80,2,0,50,48,0.017016228930558513,0.0,117.534855,108,6
26139,10.0.1.1,10.0.5.5,80,2194,0,2,50,48,0.0,0.016554582623421098,120.812469,108,6
63002,10.0.1.1,10.0.5.5,80,2195,0,2,50,48,0.0,0.016561974149557325,120.758551,108,6
32013,10.0.1.1,10.0.5.5,2274,80,2,0,50,48,0.016998870204089626,0.0,117.654878,108,6
33036,10.0.1.1,10.0.5.5,2275,80,2,0,50,48,0.016994155803287107,0.0,117.687517,108,6
50712,10.0.1.1,10.0.5.5,80,2196,0,2,50,48,0.0,0.01652398590398249,121.036172,108,6
22041,10.0.1.1,10.0.5.5,80,2197,0,2,50,48,0.0,0.01651390369956691,121.110068,108,6
2316,10.0.1.1,10.0.5.5,2277,80,2,0,50,48,0.016942535620728123,0.0,118.046085,108,6
42521,10.0.1.1,10.0.5.5,80,2198,0,2,50,48,0.0,0.016482535863196007,121.340552,108,6
13848,10.0.1.1,10.0.5.5,80,2199,0,2,50,48,0.0,0.016461724371389506,121.493955,108,6
19724,10.0.1.1,10.0.5.5,2278,80,2,0,50,48,0.016919990651705165,0.0,118.203375,108,6
50717,10.0.1.1,10.0.5.5,80,2200,0,2,50,48,0.0,0.01644767830288645,121.597709,108,6
45325,10.0.1.1,10.0.5.5,2279,80,2,0,50,48,0.016917254628670827,0.0,118.222492,108,6
22044,10.0.1.1,10.0.5.5,80,2201,0,2,50,48,0.0,0.016437999842589715,121.669304,108,6
42524,10.0.1.1,10.0.5.5,80,2202,0,2,50,48,0.0,0.016426746639954148,121.752654,108,6
13853,10.0.1.1,10.0.5.5,80,2203,0,2,50,48,0.0,0.016401085797802854,121.943146,108,6
22799,10.0.1.1,10.0.5.5,2281,80,2,0,50,48,0.016852789718962372,0.0,118.674714,108,6
7439,10.0.1.1,10.0.5.5,2282,80,2,0,50,48,0.016840331603980033,0.0,118.762507,108,6
57614,10.0.1.1,10.0.5.5,2283,80,2,0,50,48,0.01683573405429334,0.0,118.794939,108,6
1567,10.0.1.1,10.0.5.5,80,2204,0,2,50,48,0.0,0.016362547584845025,122.230355,108,6
38430,10.0.1.1,10.0.5.5,80,2205,0,2,50,48,0.0,0.016352965147031676,122.301979,108,6
38159,10.0.1.1,10.0.5.5,2284,80,2,0,50,48,0.01681963776807612,0.0,118.908625,108,6
11915,10.0.2.2,10.0.5.5,33479,5000,2,0,50,48,0.2896396896742437,0.0,6.905131,2132,17
26142,10.0.1.1,10.0.5.5,80,2206,0,2,50,48,0.0,0.016333877657083943,122.444899,108,6
26894,10.0.1.1,10.0.5.5,2285,80,2,0,50,48,0.01680101119238003,0.0,119.040454,108,6
11534,10.0.1.1,10.0.5.5,2286,80,2,0,50,48,0.01678636858239084,0.0,119.144292,108,6
63007,10.0.1.1,10.0.5.5,80,2207,0,2,50,48,0.0,0.016288116983080442,122.788902,108,6
53519,10.0.1.1,10.0.5.5,2287,80,2,0,50,48,0.016765670043985152,0.0,119.291385,108,6
1550,10.0.1.1,10.0.5.5,80,2208,0,2,50,48,0.0,0.016284913154064506,122.813059,108,6
38415,10.0.1.1,10.0.5.5,80,2209,0,2,50,48,0.0,0.016272770956241234,122.904698,108,6
63753,10.0.1.1,10.0.5.5,2289,80,2,0,50,48,0.016747646141362846,0.0,119.419767,108,6
26127,10.0.1.1,10.0.5.5,80,2210,0,2,50,48,0.0,0.016239278361546455,123.158182,108,6
48393,10.0.1.1,10.0.5.5,2290,80,2,0,50,48,0.016736346072557397,0.0,119.500397,108,6
62990,10.0.1.1,10.0.5.5,80,2211,0,2,50,48,0.0,0.016236260582013277,123.181073,108,6
16648,10.0.1.1,10.0.5.5,2291,80,2,0,50,48,0.01672030261072477,0.0,119.61506,108,6
50700,10.0.1.1,10.0.5.5,80,2212,0,2,50,48,0.0,0.016218705349143922,123.314405,108,6
13577,10.0.1.1,10.0.5.5,2292,80,2,0,50,48,0.016715925154913165,0.0,119.646384,108,6
51464,10.0.1.1,10.0.5.5,2293,80,2,0,50,48,0.016701480485201054,0.0,119.749863,108,6
22029,10.0.1.1,10.0.5.5,80,2213,0,2,50,48,0.0,0.016188398640773486,123.545265,108,6
36104,10.0.1.1,10.0.5.5,2294,80,2,0,50,48,0.016674955370107263,0.0,119.940351,108,6
42509,10.0.1.1,10.0.5.5,80,2214,0,2,50,48,0.0,0.016181384255933833,123.59882,108,6
13836,10.0.1.1,10.0.5.5,80,2215,0,2,50,48,0.0,0.016167450422897255,123.705343,108,6
28937,10.0.1.1,10.0.5.5,2295,80,2,0,50,48,0.016627476535845506,0.0,120.282834,108,6
50697,10.0.1.1,10.0.5.5,80,2216,0,2,50,48,0.0,0.016144305812931668,123.882688,108,6
25866,10.0.1.1,10.0.5.5,2296,80,2,0,50,48,0.01659505334152144,0.0,120.517841,108,6
22024,10.0.1.1,10.0.5.5,80,2217,0,2,50,48,0.0,0.016116539470505117,124.096119,108,6
39179,10.0.1.1,10.0.5.5,2297,80,2,0,20,22,0.01658290833135762,0.0,120.606106,108,6
42504,10.0.1.1,10.0.5.5,80,2218,0,2,20,22,0.0,0.016105905476663372,124.178054,108,6
13833,10.0.1.1,10.0.5.5,80,2219,0,2,20,22,0.0,0.01608872571846276,124.310653,108,6
56587,10.0.1.1,10.0.5.5,2298,80,2,0,20,22,0.016556950516349613,0.0,120.795191,108,6
8458,10.0.1.1,10.0.5.5,2299,80,2,0,20,22,0.016540364170190357,0.0,120.916322,108,6
1547,10.0.1.1,10.0.5.5,80,2220,0,2,20,22,0.0,0.016054995294642115,124.571821,108,6
43274,10.0.1.1,10.0.5.5,2301,80,2,0,20,22,0.016494503907589213,0.0,121.25251,108,6
38410,10.0.1.1,10.0.5.5,80,2221,0,2,20,22,0.0,0.016014156129678887,124.889503,108,6
60682,10.0.1.1,10.0.5.5,2302,80,2,0,20,22,0.016474022196768027,0.0,121.40326,108,6
4363,10.0.1.1,10.0.5.5,2303,80,2,0,20,22,0.016456895014423153,0.0,121.529608,108,6
26122,10.0.1.1,10.0.5.5,80,2222,0,2,20,22,0.0,0.015974988918349874,125.195705,108,6
50438,10.0.1.1,10.0.5.5,2304,80,2,0,20,22,0.016396604345223127,0.0,121.976475,108,6
62987,10.0.1.1,10.0.5.5,80,2223,0,2,20,22,0.0,0.015929675579811318,125.551835,108,6
14599,10.0.1.1,10.0.5.5,2305,80,2,0,20,22,0.016379562554790148,0.0,122.103383,108,6
50691,10.0.1.1,10.0.5.5,80,2224,0,2,20,22,0.0,0.015915544608171985,125.663309,108,6
32007,10.0.1.1,10.0.5.5,2306,80,2,0,20,22,0.016359636105415867,0.0,122.252108,108,6
22018,10.0.1.1,10.0.5.5,80,2225,0,2,20,22,0.0,0.01589491982944179,125.826366,108,6
33030,10.0.1.1,10.0.5.5,2307,80,2,0,20,22,0.016330531792499756,0.0,122.469986,108,6
42498,10.0.1.1,10.0.5.5,80,2226,0,2,20,22,0.0,0.015853240968018236,126.157169,108,6
2310,10.0.1.1,10.0.5.5,2309,80,2,0,20,22,0.016299512540258167,0.0,122.703056,108,6
19718,10.0.1.1,10.0.5.5,2310,80,2,0,15,16,0.01627495455056192,0.0,122.888208,108,6
13827,10.0.1.1,10.0.5.5,80,2227,0,2,15,16,0.0,0.015821105194536347,126.413419,108,6
45319,10.0.1.1,10.0.5.5,2311,80,2,0,15,16,0.016274500436510582,0.0,122.891637,108,6
1537,10.0.1.1,10.0.5.5,80,2228,0,2,15,16,0.0,0.0158172789204492,126.443999,108,6
38400,10.0.1.1,10.0.5.5,80,2229,0,2,15,16,0.0,0.015787862034325858,126.679597,108,6
22789,10.0.1.1,10.0.5.5,2313,80,2,0,15,16,0.01623877692455184,0.0,123.161985,108,6
7429,10.0.1.1,10.0.5.5,2314,80,2,0,15,16,0.015840622805133205,0.0,126.257662,108,6
57604,10.0.1.1,10.0.5.5,2315,80,2,0,15,16,0.015827152428036728,0.0,126.365119,108,6
26112,10.0.1.1,10.0.5.5,80,2230,0,2,15,16,0.0,0.015378153129789789,130.054629,108,6
62977,10.0.1.1,10.0.5.5,80,2231,0,2,15,16,0.0,0.015355674191105695,130.245014,108,6
38149,10.0.1.1,10.0.5.5,2316,80,2,0,15,16,0.0157972435168626,0.0,126.604366,108,6
26884,10.0.1.1,10.0.5.5,2317,80,2,0,15,16,0.01578928766147142,0.0,126.668159,108,6
11524,10.0.1.1,10.0.5.5,2318,80,2,0,15,16,0.015774443503858197,0.0,126.787357,108,6
1540,10.0.1.1,10.0.5.5,80,2232,0,2,15,16,0.0,0.015328289580084727,130.477702,108,6
38405,10.0.1.1,10.0.5.5,80,2233,0,2,15,16,0.0,0.015318284619886189,130.562922,108,6
53509,10.0.1.1,10.0.5.5,2319,80,2,0,23,26,0.015742834749124506,0.0,127.041923,108,6
26117,10.0.1.1,10.0.5.5,80,2234,0,2,23,26,0.0,0.015271300922114747,130.964612,108,6
62980,10.0.1.1,10.0.5.5,80,2235,0,2,23,26,0.0,0.015256628350890521,131.090563,108,6
63747,10.0.1.1,10.0.5.5,2321,80,2,0,23,26,0.015697112288586387,0.0,127.41197,108,6
50694,10.0.1.1,10.0.5.5,80,2236,0,2,23,26,0.0,0.015243148414381026,131.20649,108,6
48387,10.0.1.1,10.0.5.5,2322,80,2,0,23,26,0.015677724432230034,0.0,127.569534,108,6
16642,10.0.1.1,10.0.5.5,2323,80,2,0,23,26,0.015657945050352114,0.0,127.730682,108,6
22023,10.0.1.1,10.0.5.5,80,2237,0,2,23,26,0.0,0.015213027992952748,131.466267,108,6
11915,10.0.2.2,10.0.5.5,33479,5000,2,0,23,26,0.300404494652049,0.0,6.65769,2132,17
42503,10.0.1.1,10.0.5.5,80,2238,0,2,23,26,0.0,0.015206521517478856,131.522518,108,6
13571,10.0.1.1,10.0.5.5,2324,80,2,0,23,26,0.01564173567956866,0.0,127.863048,108,6
13830,10.0.1.1,10.0.5.5,80,2239,0,2,23,26,0.0,0.01522159178532703,131.392303,108,6
51458,10.0.1.1,10.0.5.5,2325,80,2,0,23,26,0.015606164213256703,0.0,128.154489,108,6
36098,10.0.1.1,10.0.5.5,2326,80,2,0,23,26,0.015576836421783842,0.0,128.395776,108,6
1574,10.0.1.1,10.0.5.5,80,2240,0,2,23,26,0.0,0.015153524371087445,131.982498,108,6
38439,10.0.1.1,10.0.5.5,80,2241,0,2,23,26,0.0,0.015157284909809571,131.949753,108,6
28931,10.0.1.1,10.0.5.5,2327,80,2,0,23,26,0.015560277148764382,0.0,128.532415,108,6
25856,10.0.1.1,10.0.5.5,2328,80,2,0,23,26,0.015549559973498262,0.0,128.621003,108,6
26151,10.0.1.1,10.0.5.5,80,2242,0,2,23,26,0.0,0.01513484354805744,132.145403,108,6
39169,10.0.1.1,10.0.5.5,2329,80,2,0,23,26,0.015532992503234162,0.0,128.75819,108,6
56577,10.0.1.1,10.0.5.5,2330,80,2,0,23,26,0.015497395895080769,0.0,129.05394,108,6
63014,10.0.1.1,10.0.5.5,80,2243,0,2,23,26,0.0,0.015093808776234738,132.50466,108,6
8448,10.0.1.1,10.0.5.5,2331,80,2,0,23,26,0.01546826538407935,0.0,129.29698,108,6
49617,10.0.5.5,10.0.7.7,0,0,2,0,1,2,0.1383059007036935,0.0,14.460699,152,1
50724,10.0.1.1,10.0.5.5,80,2244,0,2,27,26,0.0,0.015064596764959193,132.761602,108,6
22053,10.0.1.1,10.0.5.5,80,2245,0,2,27,26,0.0,0.015057023998931312,132.828373,108,6
43264,10.0.1.1,10.0.5.5,2333,80,2,0,27,26,0.015432573888655985,0.0,129.59601,108,6
60672,10.0.1.1,10.0.5.5,2334,80,2,0,27,26,0.015417241113070539,0.0,129.724896,108,6
4353,10.0.1.1,10.0.5.5,2335,80,2,0,27,26,0.015396747666467,0.0,129.897563,108,6
42533,10.0.1.1,10.0.5.5,80,2246,0,2,27,26,0.0,0.01499957221220051,133.337136,108,6
63756,10.0.1.1,10.0.5.5,2337,80,2,0,27,26,0.015368884031365247,0.0,130.133066,108,6
13860,10.0.1.1,10.0.5.5,80,2247,0,2,27,26,0.0,0.014984919738709454,133.467515,108,6
48396,10.0.1.1,10.0.5.5,2338,80,2,0,27,26,0.015353524615373289,0.0,130.263249,108,6
16653,10.0.1.1,10.0.5.5,2339,80,2,0,27,26,0.01533652570272881,0.0,130.407632,108,6
50721,10.0.1.1,10.0.5.5,80,2248,0,2,27,26,0.0,0.014964637439382929,133.64841,108,6
13580,10.0.1.1,10.0.5.5,2340,80,2,0,27,26,0.015300688869909405,0.0,130.713069,108,6
22048,10.0.1.1,10.0.5.5,80,2249,0,2,27,26,0.0,0.014929246382466316,133.965235,108,6
51469,10.0.1.1,10.0.5.5,2341,80,2,0,27,26,0.015276629473853557,0.0,130.918931,108,6
42528,10.0.1.1,10.0.5.5,80,2250,0,2,27,26,0.0,0.014906891703488925,134.166132,108,6
36109,10.0.1.1,10.0.5.5,2342,80,2,0,27,26,0.015254567265109698,0.0,131.108275,108,6
13857,10.0.1.1,10.0.5.5,80,2251,0,2,27,26,0.0,0.014894230853726886,134.28018,108,6
28940,10.0.1.1,10.0.5.5,2343,80,2,0,27,26,0.015233378751905972,0.0,131.290637,108,6
1571,10.0.1.1,10.0.5.5,80,2252,0,2,27,26,0.0,0.01488224117860921,134.388361,108,6
25871,10.0.1.1,10.0.5.5,2344,80,2,0,27,26,0.015207706474840713,0.0,131.51227,108,6
38434,10.0.1.1,10.0.5.5,80,2253,0,2,27,26,0.0,0.01486725382159972,134.523835,108,6
48657,10.0.3.3,10.0.5.5,60531,5001,2,0,27,26,0.189841126707087,0.0,10.535125,110,17
26146,10.0.1.1,10.0.5.5,80,2254,0,2,27,26,0.0,0.014855685336143157,134.628592,108,6
63011,10.0.1.1,10.0.5.5,80,2255,0,2,27,26,0.0,0.014819208984708577,134.95997,108,6
50731,10.0.1.1,10.0.5.5,80,2256,0,2,27,26,0.0,0.014823183325312137,134.923785,108,6
65365,10.0.4.4,10.0.5.5,41764,80,2,0,27,26,0.1520924229151874,0.0,13.149899,106,17
22058,10.0.1.1,10.0.5.5,80,2257,0,2,27,26,0.0,0.014793053356701724,135.198593,108,6
42538,10.0.1.1,10.0.5.5,80,2258,0,2,21,4,0.0,0.014771938551926364,135.391844,108,6
13867,10.0.1.1,10.0.5.5,80,2259,0,2,21,4,0.0,0.01474864083162984,135.605716,108,6
1577,10.0.1.1,10.0.5.5,80,2260,0,2,21,4,0.0,0.014737988519092204,135.703729,108,6
38440,10.0.1.1,10.0.5.5,80,2261,0,2,21,4,0.0,0.014709245795042162,135.968902,108,6
26152,10.0.1.1,10.0.5.5,80,2262,0,2,21,4,0.0,0.014704118291220298,136.016316,108,6
63017,10.0.1.1,10.0.5.5,80,2263,0,2,21,4,0.0,0.014689328775528402,136.15326,108,6
1580,10.0.1.1,10.0.5.5,80,2264,0,2,21,4,0.0,0.014680808395778152,136.23228,108,6
38445,10.0.1.1,10.0.5.5,80,2265,0,2,21,4,0.0,0.014634342370264139,136.664836,108,6
26157,10.0.1.1,10.0.5.5,80,2266,0,2,21,4,0.0,0.01462553525437009,136.747132,108,6
63020,10.0.1.1,10.0.5.5,80,2267,0,2,21,4,0.0,0.014601337421182161,136.973754,108,6
50734,10.0.1.1,10.0.5.5,80,2268,0,2,21,4,0.0,0.014574672683276162,137.224351,108,6
22063,10.0.1.1,10.0.5.5,80,2269,0,2,21,4,0.0,0.01455648317229787,137.395824,108,6
42543,10.0.1.1,10.0.5.5,80,2270,0,2,21,4,0.0,0.014533980100292457,137.608555,108,6
11915,10.0.2.2,10.0.5.5,33479,5000,4,0,21,4,0.6876078792299274,0.0,5.817269,4264,17
13870,10.0.1.1,10.0.5.5,80,2271,0,2,21,4,0.0,0.014304521461831688,139.815932,108,6
50751,10.0.1.1,10.0.5.5,80,2272,0,2,21,4,0.0,0.01428497718089175,140.007224,108,6
22078,10.0.1.1,10.0.5.5,80,2273,0,2,21,4,0.0,0.014280154103711805,140.054511,108,6
42558,10.0.1.1,10.0.5.5,80,2274,0,2,21,4,0.0,0.014253304612639472,140.318337,108,6
13887,10.0.1.1,10.0.5.5,80,2275,0,2,21,4,0.0,0.014253709617013513,140.31435,108,6
1597,10.0.1.1,10.0.5.5,80,2276,0,2,21,4,0.0,0.014251460391682147,140.336495,108,6
38460,10.0.1.1,10.0.5.5,80,2277,0,2,21,4,0.0,0.014242099990807435,140.428729,108,6
26172,10.0.1.1,10.0.5.5,80,2278,0,2,20,6,0.0,0.014239622864158027,140.453158,108,6
63037,10.0.1.1,10.0.5.5,80,2279,0,2,20,6,0.0,0.01425368076718213,140.314634,108,6
1592,10.0.1.1,10.0.5.5,80,2280,0,2,20,6,0.0,0.014242130822160826,140.428425,108,6
38457,10.0.1.1,10.0.5.5,80,2281,0,2,20,6,0.0,0.014237728158614899,140.471849,108,6
26169,10.0.1.1,10.0.5.5,80,2282,0,2,20,6,0.0,0.014236075125476767,140.48816,108,6
63032,10.0.1.1,10.0.5.5,80,2283,0,2,20,6,0.0,0.014228183439017671,140.566082,108,6
50746,10.0.1.1,10.0.5.5,80,2284,0,2,20,6,0.0,0.014222640127637385,140.620868,108,6
22075,10.0.1.1,10.0.5.5,80,2285,0,2,20,6,0.0,0.01421120514018153,140.734018,108,6
42555,10.0.1.1,10.0.5.5,80,2286,0,2,20,6,0.0,0.014214805858908,140.698369,108,6
48657,10.0.3.3,10.0.5.5,60531,5001,6,0,20,6,1.125143526121051,0.0,5.332653,330,17
13882,10.0.1.1,10.0.5.5,80,2287,0,2,20,6,0.0,0.014208729057390143,140.758543,108,6
1586,10.0.1.1,10.0.5.5,80,2288,0,2,20,6,0.0,0.014197359956904198,140.871261,108,6
38451,10.0.1.1,10.0.5.5,80,2289,0,2,20,6,0.0,0.014170119009515765,141.142075,108,6
26163,10.0.1.1,10.0.5.5,80,2290,0,2,20,6,0.0,0.014168160551611828,141.161585,108,6
63026,10.0.1.1,10.0.5.5,80,2291,0,2,20,6,0.0,0.014154200331134684,141.300812,108,6
50736,10.0.1.1,10.0.5.5,80,2292,0,2,20,6,0.0,0.014135249102491193,141.490255,108,6
22065,10.0.1.1,10.0.5.5,80,2293,0,2,20,6,0.0,0.014128661896613772,141.556222,108,6
42545,10.0.1.1,10.0.5.5,80,2294,0,2,20,6,0.0,0.014099184690676649,141.852174,108,6
13872,10.0.1.1,10.0.5.5,80,2295,0,2,20,6,0.0,0.014070654086948468,142.139803,108,6
50741,10.0.1.1,10.0.5.5,80,2296,0,2,20,6,0.0,0.014048011298197374,142.368906,108,6
22068,10.0.1.1,10.0.5.5,80,2297,0,2,18,27,0.0,0.014008500470153293,142.770456,108,6
65365,10.0.4.4,10.0.5.5,41764,80,6,0,18,27,1.1213029240963888,0.0,5.350918,318,17
11915,10.0.2.2,10.0.5.5,33479,5000,15,0,18,27,2.7540460608695585,0.0,5.446532,15990,17
42548,10.0.1.1,10.0.5.5,80,2298,0,2,18,27,0.0,0.01395100262786666,143.358872,108,6
13877,10.0.1.1,10.0.5.5,80,2299,0,2,18,27,0.0,0.013944363148419946,143.427131,108,6
1591,10.0.1.1,10.0.5.5,80,2300,0,2,18,27,0.0,0.01391081687662251,143.773009,108,6
38454,10.0.1.1,10.0.5.5,80,2301,0,2,18,27,0.0,0.013907304961434523,143.809315,108,6
26166,10.0.1.1,10.0.5.5,80,2302,0,2,18,27,0.0,0.013870586168821555,144.190013,108,6
63031,10.0.1.1,10.0.5.5,80,2303,0,2,18,27,0.0,0.01386070305297578,144.292825,108,6
49617,10.0.5.5,10.0.7.7,0,0,2,0,1,2,0.2968089623247028,0.0,6.738341,152,1
50727,10.0.1.1,10.0.5.5,80,2304,0,2,18,27,0.0,0.013771648928828753,145.225892,108,6
22054,10.0.1.1,10.0.5.5,80,2305,0,2,18,27,0.0,0.013744504775184572,145.5127,108,6
48657,10.0.3.3,10.0.5.5,60531,5001,6,0,18,27,1.05192936995567,0.0,5.703805,330,17
42534,10.0.1.1,10.0.5.5,80,2306,0,2,18,27,0.0,0.013684369617916047,146.152147,108,6
13863,10.0.1.1,10.0.5.5,80,2307,0,2,18,27,0.0,0.013641049677954254,146.616283,108,6
1573,10.0.1.1,10.0.5.5,80,2308,0,2,18,27,0.0,0.01362917920040059,146.74398,108,6
38436,10.0.1.1,10.0.5.5,80,2309,0,2,18,27,0.0,0.013575868762945524,147.320222,108,6
26148,10.0.1.1,10.0.5.5,80,2310,0,2,18,27,0.0,0.013567084889921727,147.415603,108,6
63013,10.0.1.1,10.0.5.5,80,2311,0,2,18,27,0.0,0.013546144986922923,147.643481,108,6
1568,10.0.1.1,10.0.5.5,80,2312,0,2,20,13,0.0,0.013505350441695187,148.089456,108,6
38433,10.0.1.1,10.0.5.5,80,2313,0,2,20,13,0.0,0.013468570803822152,148.493855,108,6
11915,10.0.2.2,10.0.5.5,33479,5000,7,0,20,13,1.2580985601601165,0.0,5.563952,7462,17
26145,10.0.1.1,10.0.5.5,80,2314,0,2,20,13,0.0,0.01343973102474952,148.812502,108,6
63008,10.0.1.1,10.0.5.5,80,2315,0,2,20,13,0.0,0.013407089486584088,149.174808,108,6
65365,10.0.4.4,10.0.5.5,41764,80,3,0,20,13,0.4761715049130582,0.0,6.300251,159,17
50722,10.0.1.1,10.0.5.5,80,2316,0,2,20,13,0.0,0.013325218009061454,150.091353,108,6
22051,10.0.1.1,10.0.5.5,80,2317,0,2,20,13,0.0,0.013277801231169513,150.627349,108,6
42531,10.0.1.1,10.0.5.5,80,2318,0,2,20,13,0.0,0.013245665834355385,150.992787,108,6
13858,10.0.1.1,10.0.5.5,80,2319,0,2,20,13,0.0,0.013155470408673571,152.028011,108,6
48657,10.0.3.3,10.0.5.5,60531,5001,3,0,20,13,0.5820218118494208,0.0,5.154446,165,17
1578,10.0.1.1,10.0.5.5,80,2320,0,2,20,13,0.0,0.013112096254954537,152.530912,108,6
38443,10.0.1.1,10.0.5.5,80,2321,0,2,20,13,0.0,0.013080533535603726,152.898962,108,6
26155,10.0.1.1,10.0.5.5,80,2322,0,2,20,13,0.0,0.013023214648480582,153.571914,108,6
63018,10.0.1.1,10.0.5.5,80,2323,0,2,20,13,0.0,0.012999514637121993,153.851898,108,6
50728,10.0.1.1,10.0.5.5,80,2324,0,2,20,13,0.0,0.012932692320127588,154.64684,108,6
22057,10.0.1.1,10.0.5.5,80,2325,0,2,20,13,0.0,0.012916665388454986,154.838725,108,6
42537,10.0.1.1,10.0.5.5,80,2326,0,2,20,13,0.0,0.012907818158323606,154.944854,108,6
13864,10.0.1.1,10.0.5.5,80,2327,0,2,20,13,0.0,0.012871555965814949,155.38137,108,6
50733,10.0.1.1,10.0.5.5,80,2328,0,2,20,13,0.0,0.012880295224609936,155.275944,108,6
11915,10.0.2.2,10.0.5.5,33479,5000,7,0,19,16,1.370654291616491,0.0,5.10705,7462,17
22060,10.0.1.1,10.0.5.5,80,2329,0,2,19,16,0.0,0.012861757591457884,155.499743,108,6
42540,10.0.1.1,10.0.5.5,80,2330,0,2,19,16,0.0,0.012858617189450893,155.53772,108,6
13869,10.0.1.1,10.0.5.5,80,2331,0,2,19,16,0.0,0.01283183518770354,155.862351,108,6
1583,10.0.1.1,10.0.5.5,80,2332,0,2,19,16,0.0,0.012804823300353058,156.191144,108,6
38446,10.0.1.1,10.0.5.5,80,2333,0,2,19,16,0.0,0.012768434957860461,156.636268,108,6
26158,10.0.1.1,10.0.5.5,80,2334,0,2,19,16,0.0,0.012750140138384028,156.861021,108,6
63023,10.0.1.1,10.0.5.5,80,2335,0,2,19,16,0.0,0.012754901362616953,156.802467,108,6
1598,10.0.1.1,10.0.5.5,80,2336,0,2,19,16,0.0,0.012740750089620029,156.976629,108,6
38463,10.0.1.1,10.0.5.5,80,2337,0,2,19,16,0.0,0.012731442911398355,157.091385,108,6
26175,10.0.1.1,10.0.5.5,80,2338,0,2,19,16,0.0,0.01270960489752932,157.361304,108,6
63038,10.0.1.1,10.0.5.5,80,2339,0,2,19,16,0.0,0.012697857862490098,157.506882,108,6
65365,10.0.4.4,10.0.5.5,41764,80,4,0,19,16,0.6313917563282423,0.0,6.335211,212,17
50748,10.0.1.1,10.0.5.5,80,2340,0,2,19,16,0.0,0.01268663297845459,157.646241,108,6
22077,10.0.1.1,10.0.5.5,80,2341,0,2,19,16,0.0,0.01265939627832865,157.985417,108,6
48657,10.0.3.3,10.0.5.5,60531,5001,5,0,19,16,0.9146458024983367,0.0,5.466597,275,17
42557,10.0.1.1,10.0.5.5,80,2342,0,2,19,16,0.0,0.012642152870644486,158.200903,108,6
13884,10.0.1.1,10.0.5.5,80,2343,0,2,19,16,0.0,0.012621782929201408,158.456219,108,6
50745,10.0.1.1,10.0.5.5,80,2344,0,2,19,16,0.0,0.012597084867020544,158.766891,108,6
49617,10.0.5.5,10.0.7.7,0,0,2,0,1,4,0.1981511114246302,0.0,10.093307,152,1
11915,10.0.2.2,10.0.5.5,33479,5000,8,0,3,46,1.2616682629398668,0.0,6.340811,8528,17
48657,10.0.3.3,10.0.5.5,60531,5001,3,0,3,46,0.5808473711235215,0.0,5.164868,165,17
65365,10.0.4.4,10.0.5.5,41764,80,3,0,3,46,0.4764354244984048,0.0,6.296761,159,17
11915,10.0.2.2,10.0.5.5,33479,5000,10,0,3,46,1.7889990156927413,0.0,5.589718,10660,17
48657,10.0.3.3,10.0.5.5,60531,5001,7,0,3,46,1.17883817077997,0.0,5.93805,385,17
65365,10.0.4.4,10.0.5.5,41764,80,5,0,3,46,0.7988188983296857,0.0,6.259241,265,17
49617,10.0.5.5,10.0.7.7,0,0,2,0,1,4,0.24623600563831205,0.0,8.122289,152,1
11915,10.0.2.2,10.0.5.5,33479,5000,10,0,3,46,1.8546248594658012,0.0,5.391926,10660,17
48657,10.0.3.3,10.0.5.5,60531,5001,5,0,3,28,0.705346754107093,0.0,7.088712,275,17
11915,10.0.2.2,10.0.5.5,33479,5000,6,0,3,28,1.17830828708146,0.0,5.092046,6396,17
65365,10.0.4.4,10.0.5.5,41764,80,3,0,3,28,0.5179485576945488,0.0,5.792081,159,17
48657,10.0.3.3,10.0.5.5,60531,5001,4,0,3,28,0.7986263626562312,0.0,5.0086,220,17
49617,10.0.5.5,10.0.7.7,0,0,3,0,1,3,0.33316312399509673,0.0,9.004598,228,1
11915,10.0.2.2,10.0.5.5,33479,5000,7,0,3,28,1.282652907343536,0.0,5.457439,7462,17
65365,10.0.4.4,10.0.5.5,41764,80,3,0,3,28,0.5983873461022544,0.0,5.013475,159,17
11915,10.0.2.2,10.0.5.5,33479,5000,9,0,3,44,1.7010068448515436,0.0,5.290984,9594,17
48657,10.0.3.3,10.0.5.5,60531,5001,5,0,3,44,0.9301860055747907,0.0,5.375269,275,17
49617,10.0.5.5,10.0.7.7,0,0,4,0,1,4,0.6758083258909942,0.0,5.918838,304,1
65365,10.0.4.4,10.0.5.5,41764,80,4,0,3,44,0.7323834320220008,0.0,5.46162,212,17
11915,10.0.2.2,10.0.5.5,33479,5000,17,0,3,44,2.923880553631623,0.0,5.814191,18122,17
48657,10.0.3.3,10.0.5.5,60531,5001,9,0,3,44,1.5656072955908324,0.0,5.748568,495,17
65365,10.0.4.4,10.0.5.5,41764,80,5,0,2,11,0.8423654565469149,0.0,5.935666,265,17
49617,10.0.5.5,10.0.7.7,0,0,3,0,1,3,0.43425891761543794,0.0,6.908321,228,1
11915,10.0.2.2,10.0.5.5,33479,5000,6,0,2,11,1.1712253359464673,0.0,5.12284,6396,17
48657,10.0.3.3,10.0.5.5,60531,5001,4,0,2,7,0.6560731626548066,0.0,6.096881,220,17
65365,10.0.4.4,10.0.5.5,41764,80,3,0,2,7,0.49525610683796806,0.0,6.057472,159,17
11915,10.0.2.2,10.0.5.5,33479,5000,6,0,2,10,1.1717010756215875,0.0,5.12076,6396,17
49617,10.0.5.5,10.0.7.7,0,0,2,0,1,2,0.3874346421973278,0.0,5.162161,152,1
48657,10.0.3.3,10.0.5.5,60531,5001,4,0,2,10,0.66351915297799,0.0,6.028462,220,17
11915,10.0.2.2,10.0.5.5,33479,5000,6,0,2,9,1.1719924281475858,0.0,5.119487,6396,17
65365,10.0.4.4,10.0.5.5,41764,80,3,0,2,9,0.4991982044838981,0.0,6.009637,159,17
11915,10.0.2.2,10.0.5.5,33479,5000,6,0,2,10,1.1802838307213326,0.0,5.083523,6396,17
49617,10.0.5.5,10.0.7.7,0,0,2,0,1,2,0.3941962486313999,0.0,5.073615,152,1
48657,10.0.3.3,10.0.5.5,60531,5001,4,0,2,10,0.664361332841706,0.0,6.02082,220,17
65365,10.0.4.4,10.0.5.5,41764,80,3,0,2,9,0.4995341011949522,0.0,6.005596,159,17
11915,10.0.2.2,10.0.5.5,33479,5000,6,0,2,9,1.1768723401459205,0.0,5.098259,6396,17
49617,10.0.5.5,10.0.7.7,0,0,2,0,1,2,0.39415771550917983,0.0,5.074111,152,1
48657,10.0.3.3,10.0.5.5,60531,5001,4,0,1,4,0.5104488887527692,0.0,7.83624,220,17
11915,10.0.2.2,10.0.5.5,33479,5000,4,0,2,6,0.6742667770216625,0.0,5.93237,4264,17
65365,10.0.4.4,10.0.5.5,41764,80,2,0,2,6,0.31985562996286,0.0,6.252821,106,17
49617,10.0.5.5,10.0.7.7,0,0,2,0,1,2,0.303603976544164,0.0,6.587529,152,1
8058,10.0.1.1,10.0.5.5,5050,80,173,0,4,186,34.53586689517566,0.0,5.009285,9342,6
24949,10.0.1.1,10.0.5.5,80,5050,0,86,4,186,0.0,16.86505991018375,5.0993,4644,6
11915,10.0.2.2,10.0.5.5,33479,5000,8,0,4,186,1.200831215367277,0.0,6.662052,8528,17
48657,10.0.3.3,10.0.5.5,60531,5001,5,0,4,186,0.5550697461788165,0.0,9.007877,275,17
26136,10.0.5.5,10.0.7.7,58718,5001,0,2,1,0,0.0,0.00808710409556628,247.307315,102,17
8058,10.0.1.1,10.0.5.5,5050,80,191,0,2,191,37.68192626850483,0.0,5.068743,10314,6
24949,10.0.1.1,10.0.5.5,80,5050,0,152,2,191,0.0,30.274934246627186,5.020655,8208,6
65365,10.0.4.4,10.0.5.5,41764,80,3,0,4,158,0.20537475313098946,0.0,14.607443,159,17
11915,10.0.2.2,10.0.5.5,33479,5000,2,0,4,158,0.376272978520457,0.0,5.31529,2132,17
8058,10.0.1.1,10.0.5.5,5050,80,153,0,4,158,30.177699311376458,0.0,5.069969,8262,6
24949,10.0.1.1,10.0.5.5,80,5050,0,142,4,158,0.0,28.178617509399157,5.039282,7668,6
8058,10.0.1.1,10.0.5.5,5050,80,219,0,2,219,43.62037131094154,0.0,5.02059,11826,6
24949,10.0.1.1,10.0.5.5,80,5050,0,64,2,219,0.0,12.64796138577389,5.060104,3456,6
48657,10.0.3.3,10.0.5.5,60531,5001,2,0,1,2,0.29681142902088586,0.0,6.738285,110,17
11915,10.0.2.2,10.0.5.5,33479,5000,3,0,2,3,0.5810543735187956,0.0,5.163028,3198,17
49617,10.0.5.5,10.0.7.7,0,0,2,0,1,2,0.1734594846345252,0.0,11.53007,152,1
24949,10.0.1.1,10.0.5.5,80,5050,0,89,2,3,0.0,17.787182556249967,5.003603,4806,6
8058,10.0.1.1,10.0.5.5,5050,80,186,0,1,186,31.921082845507105,0.0,5.82687,10044,6
24949,10.0.1.1,10.0.5.5,80,5050,0,160,4,68,0.0,31.909778292854785,5.014137,8640,6
11915,10.0.2.2,10.0.5.5,33479,5000,7,0,4,68,1.0750831960810454,0.0,6.511124,7462,17
8058,10.0.1.1,10.0.5.5,5050,80,57,0,4,68,11.369216708839147,0.0,5.013538,3078,6
48657,10.0.3.3,10.0.5.5,60531,5001,4,0,4,68,0.6079749903407974,0.0,6.579218,220,17
24949,10.0.1.1,10.0.5.5,80,5050,0,85,3,34,0.0,16.287234774357607,5.218811,4590,6
8058,10.0.1.1,10.0.5.5,5050,80,30,0,3,34,5.982769623484365,0.0,5.0144,1620,6
65365,10.0.4.4,10.0.5.5,41764,80,4,0,3,34,0.32466320251029585,0.0,12.32046,212,17
11915,10.0.2.2,10.0.5.5,33479,5000,3,0,2,48,0.5635956651978737,0.0,5.322965,3198,17
8058,10.0.1.1,10.0.5.5,5050,80,45,0,2,48,8.86986314195388,0.0,5.073359,2430,6
24949,10.0.1.1,10.0.5.5,80,5050,0,61,1,0,0.0,12.020604498464909,5.07462,3294,6
48657,10.0.3.3,10.0.5.5,60531,5001,3,0,5,89,0.3429262767945446,0.0,8.748236,165,17
24949,10.0.1.1,10.0.5.5,80,5050,0,62,5,89,0.0,12.23623753852688,5.066917,3348,6
8058,10.0.1.1,10.0.5.5,5050,80,44,0,5,89,8.798053870483848,0.0,5.001106,2376,6
11915,10.0.2.2,10.0.5.5,33479,5000,4,0,5,89,0.6722474408380237,0.0,5.95019,4264,17
65365,10.0.4.4,10.0.5.5,41764,80,2,0,5,89,0.34430548848771564,0.0,5.808795,106,17
24949,10.0.1.1,10.0.5.5,80,5050,0,22,5,89,0.0,4.2723498759367855,5.149391,1188,6
8058,10.0.1.1,10.0.5.5,5050,80,36,0,5,89,6.807937677112754,0.0,5.287945,1944,6
49617,10.0.5.5,10.0.7.7,0,0,2,0,1,2,0.1098358075496521,0.0,18.208998,152,1
24949,10.0.1.1,10.0.5.5,80,5050,0,17,5,119,0.0,3.379285654793248,5.030649,918,6
8058,10.0.1.1,10.0.5.5,5050,80,47,0,5,119,9.331284421519928,0.0,5.03682,2538,6
11915,10.0.2.2,10.0.5.5,33479,5000,4,0,5,119,0.6167694050303095,0.0,6.485406,4264,17
48657,10.0.3.3,10.0.5.5,60531,5001,3,0,5,119,0.37644937715823135,0.0,7.969199,165,17
24949,10.0.1.1,10.0.5.5,80,5050,0,31,5,119,0.0,6.017334192841585,5.151783,1674,6
8058,10.0.1.1,10.0.5.5,5050,80,55,0,5,119,10.971489487417996,0.0,5.012993,2970,6
65365,10.0.4.4,10.0.5.5,41764,80,2,0,5,119,0.3937400063864629,0.0,5.079494,106,17
11915,10.0.2.2,10.0.5.5,33479,5000,8,0,5,119,1.5481110336195532,0.0,5.167588,8528,17
24949,10.0.1.1,10.0.5.5,80,5050,0,21,5,119,0.0,4.173584548674529,5.031646,1134,6
48657,10.0.3.3,10.0.5.5,60531,5001,6,0,4,57,1.1341741218137031,0.0,5.290193,330,17
65365,10.0.4.4,10.0.5.5,41764,80,6,0,4,57,0.9579258223753272,0.0,6.263533,318,17
11915,10.0.2.2,10.0.5.5,33479,5000,13,0,4,57,2.517393738389732,0.0,5.164071,13858,17
24949,10.0.1.1,10.0.5.5,80,5050,0,43,4,57,0.0,8.331528168896739,5.161118,2322,6
49617,10.0.5.5,10.0.7.7,0,0,2,0,1,2,0.3706608586581187,0.0,5.395768,152,1
48657,10.0.3.3,10.0.5.5,60531,5001,8,0,4,57,1.2059489461513648,0.0,6.63378,440,17
11915,10.0.2.2,10.0.5.5,33479,5000,8,0,4,57,1.5880146184685704,0.0,5.037737,8528,17
24949,10.0.1.1,10.0.5.5,80,5050,0,31,4,57,0.0,6.160049614231861,5.032427,1674,6
65365,10.0.4.4,10.0.5.5,41764,80,4,0,4,57,0.5844216847912876,0.0,6.844373,212,17
11915,10.0.2.2,10.0.5.5,33479,5000,7,0,4,57,1.3454485206409101,0.0,5.202726,7462,17
24949,10.0.1.1,10.0.5.5,80,5050,0,41,4,57,0.0,8.053796215776524,5.090767,2214,6
48657,10.0.3.3,10.0.5.5,60531,5001,5,0,4,57,0.7342962306665309,0.0,6.809241,275,17
65365,10.0.4.4,10.0.5.5,41764,80,4,0,4,66,0.702851203764471,0.0,5.691105,212,17
49617,10.0.5.5,10.0.7.7,0,0,3,0,1,7,0.43135372169834313,0.0,6.954849,228,1
24949,10.0.1.1,10.0.5.5,80,5050,0,95,4,66,0.0,18.96447952984061,5.009365,5130,6
11915,10.0.2.2,10.0.5.5,33479,5000,12,0,4,66,2.346250222893771,0.0,5.114544,12792,17
48657,10.0.3.3,10.0.5.5,60531,5001,8,0,4,66,1.486967565705844,0.0,5.380077,440,17
65365,10.0.4.4,10.0.5.5,41764,80,7,0,4,66,1.3093598277929954,0.0,5.346124,371,17
11915,10.0.2.2,10.0.5.5,33479,5000,18,0,4,66,3.535449063901474,0.0,5.091291,19188,17
49617,10.0.5.5,10.0.7.7,0,0,4,0,1,7,0.7843098808339175,0.0,5.100025,304,1
48657,10.0.3.3,10.0.5.5,60531,5001,8,0,4,66,1.4020543250484192,0.0,5.705913,440,17
11915,10.0.2.2,10.0.5.5,33479,5000,6,0,4,66,1.1045433734853258,0.0,5.432109,6396,17
65365,10.0.4.4,10.0.5.5,41764,80,3,0,4,66,0.5206223728093512,0.0,5.762334,159,17
49617,10.0.5.5,10.0.7.7,0,0,4,0,1,4,0.5397463839691006,0.0,7.410888,304,1
11915,10.0.2.2,10.0.5.5,33479,5000,6,0,1,6,1.1697906250249799,0.0,5.129123,6396,17
48657,10.0.3.3,10.0.5.5,60531,5001,5,0,1,5,0.7268233125960951,0.0,6.879251,275,17
11337,10.0.1.1,10.0.6.6,5050,80,172,0,2,172,34.156952786750594,0.0,5.035578,9288,6
21062,10.0.1.1,10.0.6.6,80,5050,0,121,2,172,0.0,24.10042187688907,5.020659,6534,6
11915,10.0.2.2,10.0.5.5,33479,5000,3,0,1,3,0.4658438621810251,0.0,6.439926,3198,17
65365,10.0.4.4,10.0.5.5,41764,80,3,0,1,3,0.23790085798944433,0.0,12.610295,159,17
21062,10.0.1.1,10.0.6.6,80,5050,0,96,2,114,0.0,19.1940843831931,5.001541,5184,6
11337,10.0.1.1,10.0.6.6,5050,80,114,0,2,114,22.629419436289254,0.0,5.03769,6156,6
49617,10.0.5.5,10.0.7.7,0,0,2,0,1,2,0.24906144308441677,0.0,8.030147,152,1
21062,10.0.1.1,10.0.6.6,80,5050,0,150,1,0,0.0,29.948440764380045,5.008608,8100,6
11337,10.0.1.1,10.0.6.6,5050,80,145,0,1,145,28.69744285992778,0.0,5.052715,7830,6
48657,10.0.3.3,10.0.5.5,60531,5001,2,0,2,4,0.18102912523287135,0.0,11.047946,110,17
11915,10.0.2.2,10.0.5.5,33479,5000,2,0,2,4,0.3635247945721386,0.0,5.501688,2132,17
21062,10.0.1.1,10.0.6.6,80,5050,0,103,2,171,0.0,20.57847491523866,5.00523,5562,6
11337,10.0.1.1,10.0.6.6,5050,80,171,0,2,171,33.79585563991564,0.0,5.059792,9234,6
21062,10.0.1.1,10.0.6.6,80,5050,0,119,2,198,0.0,23.62823689471754,5.036347,6426,6
11337,10.0.1.1,10.0.6.6,5050,80,198,0,2,198,39.50762327525779,0.0,5.011691,10692,6
49617,10.0.5.5,10.0.7.7,0,0,2,0,1,2,0.23904124381764644,0.0,8.366757,152,1
21062,10.0.1.1,10.0.6.6,80,5050,0,138,2,179,0.0,27.571336838222983,5.005198,7452,6
11337,10.0.1.1,10.0.6.6,5050,80,179,0,2,179,35.21344264320363,0.0,5.083286,9666,6
11915,10.0.2.2,10.0.5.5,33479,5000,3,0,1,3,0.3346575360191906,0.0,8.964388,3198,17
21062,10.0.1.1,10.0.6.6,80,5050,0,131,2,142,0.0,26.121207988224324,5.015082,7074,6
48657,10.0.3.3,10.0.5.5,60531,5001,2,0,1,2,0.20693068815214205,0.0,9.665072,110,17
11337,10.0.1.1,10.0.6.6,5050,80,142,0,2,142,28.360884667866078,0.0,5.006896,7668,6
65365,10.0.4.4,10.0.5.5,41764,80,2,0,1,2,0.14429622977039006,0.0,13.860376,106,17
21062,10.0.1.1,10.0.6.6,80,5050,0,99,2,131,0.0,19.589378915773388,5.053759,5346,6
11337,10.0.1.1,10.0.6.6,5050,80,51,0,2,131,10.044647473249233,0.0,5.077331,2754,6
11915,10.0.2.2,10.0.5.5,33479,5000,5,0,1,5,0.8246267862859288,0.0,6.063349,5330,17
21062,10.0.1.1,10.0.6.6,80,5050,0,91,2,131,0.0,18.189010200037135,5.003021,4914,6
49617,10.0.5.5,10.0.7.7,0,0,2,0,1,2,0.18143160055873675,0.0,11.023438,152,1
11337,10.0.1.1,10.0.6.6,5050,80,80,0,2,131,15.530033240094895,0.0,5.151309,4320,6
65365,10.0.4.4,10.0.5.5,41764,80,3,0,2,8,0.5222080278343841,0.0,5.744837,159,17
48657,10.0.3.3,10.0.5.5,60531,5001,5,0,2,8,0.6417284159139406,0.0,7.791458,275,17
11915,10.0.2.2,10.0.5.5,33479,5000,7,0,1,10,1.2826867523196015,0.0,5.457295,7462,17
21062,10.0.1.1,10.0.6.6,80,5050,0,93,2,98,0.0,18.147580810396807,5.12465,5022,6
11337,10.0.1.1,10.0.6.6,5050,80,98,0,2,98,18.933374806440053,0.0,5.176045,5292,6
11915,10.0.2.2,10.0.5.5,33479,5000,3,0,1,10,0.5334083423997935,0.0,5.624209,3198,17
21062,10.0.1.1,10.0.6.6,80,5050,0,63,1,0,0.0,12.492598631049145,5.042986,3402,6
65365,10.0.4.4,10.0.5.5,41764,80,2,0,3,9,0.2658406112739016,0.0,7.523305,106,17
49617,10.0.5.5,10.0.7.7,0,0,2,0,1,2,0.3132440034525754,0.0,6.384799,152,1
48657,10.0.3.3,10.0.5.5,60531,5001,3,0,3,9,0.33361457041619413,0.0,8.992413,165,17
21062,10.0.1.1,10.0.6.6,80,5050,0,69,2,85,0.0,13.724261291635976,5.027593,3726,6
11915,10.0.2.2,10.0.5.5,33479,5000,4,0,3,9,0.7621821962241875,0.0,5.248089,4264,17
11337,10.0.1.1,10.0.6.6,5050,80,85,0,2,85,7.900627579380625,0.0,10.758639,4590,6
21062,10.0.1.1,10.0.6.6,80,5050,0,35,1,0,0.0,6.514727099012498,5.372443,1890,6
11915,10.0.2.2,10.0.5.5,33479,5000,5,0,2,9,0.8452419471263971,0.0,5.915466,5330,17
48657,10.0.3.3,10.0.5.5,60531,5001,4,0,2,9,0.5828783846108448,0.0,6.862495,220,17
65365,10.0.4.4,10.0.5.5,41764,80,3,0,3,19,0.44438953764823724,0.0,6.750834,159,17
11337,10.0.1.1,10.0.6.6,5050,80,169,0,2,244,21.0942577561027,0.0,8.011659,9126,6
21062,10.0.1.1,10.0.6.6,80,5050,0,53,2,244,0.0,7.345080472978835,7.215714,2862,6
11915,10.0.2.2,10.0.5.5,33479,5000,4,0,3,19,0.7356848149688319,0.0,5.437111,4264,17
49617,10.0.5.5,10.0.7.7,0,0,2,0,1,2,0.20767120829754465,0.0,9.630608,152,1
11337,10.0.1.1,10.0.6.6,5050,80,75,0,2,244,14.790186415509583,0.0,5.07093,4050,6
21062,10.0.1.1,10.0.6.6,80,5050,0,74,2,244,0.0,13.32393455787494,5.553915,3996,6
48657,10.0.3.3,10.0.5.5,60531,5001,5,0,3,19,0.541859866802175,0.0,9.227478,275,17
11915,10.0.2.2,10.0.5.5,33479,5000,7,0,3,19,0.9013295254306907,0.0,7.766305,7462,17
11337,10.0.1.1,10.0.6.6,5050,80,29,0,2,29,5.789479358110442,0.0,5.009086,1566,6
21062,10.0.1.1,10.0.6.6,80,5050,0,64,2,29,0.0,12.775261982696707,5.009682,3456,6
65365,10.0.4.4,10.0.5.5,41764,80,4,0,1,4,0.37897700841234216,0.0,10.55473,212,17
49617,10.0.5.5,10.0.7.7,0,0,2,0,1,2,0.3498699358513473,0.0,5.71641,152,1
21062,10.0.1.1,10.0.6.6,80,5050,0,134,2,29,0.0,26.614317231538998,5.034884,7236,6
48657,10.0.3.3,10.0.5.5,60531,5001,5,0,3,19,0.9880528600375698,0.0,5.060458,275,17
11915,10.0.2.2,10.0.5.5,33479,5000,10,0,3,19,1.652431519932951,0.0,6.051688,10660,17
65365,10.0.4.4,10.0.5.5,41764,80,4,0,3,19,0.5911449443067569,0.0,6.76653,212,17
11349,10.0.1.1,10.0.5.5,2014,80,2,0,35,77,0.005588087085721471,0.0,357.904229,108,6
25910,10.0.1.1,10.0.5.5,2104,80,2,0,35,77,0.005678838679080203,0.0,352.184683,108,6
2328,10.0.1.1,10.0.5.5,2405,80,2,0,35,77,0.004529432737444861,0.0,441.556397,108,6
8478,10.0.1.1,10.0.5.5,2427,80,2,0,35,77,0.004535503516735315,0.0,440.965373,108,6
14634,10.0.1.1,10.0.5.5,2449,80,2,0,35,77,0.0045442010276010815,0.0,440.121374,108,6
57656,10.0.1.1,10.0.5.5,2507,80,2,0,35,77,0.004566506461975389,0.0,437.971569,108,6
36145,10.0.1.1,10.0.5.5,2534,80,2,0,35,77,0.004585546993725364,0.0,436.152983,108,6
14659,10.0.1.1,10.0.5.5,2561,80,2,0,35,77,0.004591763102492698,0.0,435.56254,108,6
53569,10.0.1.1,10.0.5.5,2575,80,2,0,35,77,0.00459411782201364,0.0,435.339292,108,6
48456,10.0.1.1,10.0.5.5,2594,80,2,0,35,77,0.004599004940894968,0.0,434.87668,108,6
50509,10.0.1.1,10.0.5.5,2608,80,2,0,35,77,0.004601540378526024,0.0,434.637064,108,6
48470,10.0.1.1,10.0.5.5,2626,80,2,0,35,77,0.0046034370213713025,0.0,434.457991,108,6
45394,10.0.1.1,10.0.5.5,2647,80,2,0,35,77,0.004608573123038427,0.0,433.973802,108,6
42334,10.0.1.1,10.0.5.5,2664,80,2,0,35,77,0.004610760062056496,0.0,433.767963,108,6
8538,10.0.1.1,10.0.5.5,2683,80,2,0,35,77,0.00461906427924263,0.0,432.988129,108,6
45409,10.0.1.1,10.0.5.5,2727,80,2,0,35,77,0.004648874895568837,0.0,430.21162,108,6
13691,10.0.1.1,10.0.5.5,2772,80,2,0,35,77,0.004676801593476098,0.0,427.642687,108,6
14704,10.0.1.1,10.0.5.5,2801,80,2,0,35,77,0.004695870932897967,0.0,425.906084,108,6
50555,10.0.1.1,10.0.5.5,2832,80,2,0,35,77,0.0047158132564736254,0.0,424.105004,108,6
22889,10.0.1.1,10.0.5.5,2889,80,2,0,35,77,0.0047402409915292916,0.0,421.919477,108,6
38234,10.0.1.1,10.0.5.5,3004,80,2,0,35,77,0.004779822301358872,0.0,418.425597,108,6
2376,10.0.1.1,10.0.5.5,3045,80,2,0,35,77,0.004801531135295772,0.0,416.533798,108,6
36302,10.0.1.1,10.0.5.5,3094,80,2,0,35,77,0.004817481487978301,0.0,415.154683,108,6
2523,10.0.1.1,10.0.5.5,3157,80,2,0,35,77,0.0048653309832973795,0.0,411.071725,108,6
8658,10.0.1.1,10.0.5.5,3195,80,2,0,35,77,0.0049049827826765854,0.0,407.748628,108,6
27114,10.0.1.1,10.0.5.5,3245,80,2,0,35,77,0.004944138233912391,0.0,404.519434,108,6
48657,10.0.3.3,10.0.5.5,60531,5001,4,0,35,77,0.6532079696597962,0.0,6.123624,220,17
32247,10.0.1.1,10.0.5.5,3266,80,2,0,35,77,0.004953620992795852,0.0,403.745059,108,6
1522,10.0.1.1,10.0.5.5,3280,80,2,0,35,77,0.004959198787083128,0.0,403.290952,108,6
51709,10.0.1.1,10.0.5.5,3301,80,2,0,35,77,0.004971654682567629,0.0,402.280554,108,6
11771,10.0.1.1,10.0.5.5,3326,80,2,0,35,77,0.004986853805603283,0.0,401.054468,108,6
42481,10.0.1.1,10.0.5.5,3352,80,2,0,35,77,0.005004805251153777,0.0,399.615949,108,6
27134,10.0.1.1,10.0.5.5,3373,80,2,0,35,77,0.0050207230091165135,0.0,398.349002,108,6
19938,10.0.1.1,10.0.5.5,3398,80,2,0,35,77,0.005036100264938911,0.0,397.132681,108,6
11915,10.0.2.2,10.0.5.5,33479,5000,7,0,35,77,1.31797677009458,0.0,5.311171,7462,17
38688,10.0.1.1,10.0.5.5,4316,80,1,1,29,29,0.0025148660206259204,0.0025148660206259204,397.635497,108,6
26096,10.0.1.1,10.0.5.5,80,1334,1,1,29,29,0.0024710875467324044,0.0024710875467324044,404.680118,108,6
2827,10.0.1.1,10.0.5.5,4501,80,1,1,29,29,0.001642982377428524,0.001642982377428524,608.649255,102,6
38389,10.0.1.1,10.0.5.5,80,1337,1,1,29,29,0.0024668685188410527,0.0024668685188410527,405.372233,108,6
26101,10.0.1.1,10.0.5.5,80,1338,1,1,29,29,0.00248538987175095,0.00248538987175095,402.351362,108,6
50678,10.0.1.1,10.0.5.5,80,1340,1,1,29,29,0.002463038013646935,0.002463038013646935,406.002666,108,6
14144,10.0.1.1,10.0.5.5,4964,80,1,1,29,29,0.0025733235279070516,0.0025733235279070516,388.602517,108,6
13814,10.0.1.1,10.0.5.5,80,1343,1,1,29,29,0.0024821261105925784,0.0024821261105925784,402.880416,108,6
38763,10.0.1.1,10.0.5.5,5100,80,1,1,29,29,0.0025772259439913446,0.0025772259439913446,388.014098,108,6
38359,10.0.1.1,10.0.5.5,80,1345,1,1,29,29,0.0024275421337139388,0.0024275421337139388,411.939297,108,6
50644,10.0.1.1,10.0.5.5,80,1348,1,1,29,29,0.002419981684223424,0.002419981684223424,413.226268,108,6
13777,10.0.1.1,10.0.5.5,80,1355,1,1,29,29,0.002430405986852121,0.002430405986852121,411.453891,108,6
26066,10.0.1.1,10.0.5.5,80,1358,1,1,29,29,0.002431630744149209,0.002431630744149209,411.246651,108,6
50651,10.0.1.1,10.0.5.5,80,1360,1,1,29,29,0.0024099801151817703,0.0024099801151817703,414.941183,108,6
38360,10.0.1.1,10.0.5.5,80,1365,1,1,29,29,0.0024145356980652083,0.0024145356980652083,414.1583,108,6
26077,10.0.1.1,10.0.5.5,80,1370,1,1,29,29,0.002401129869908873,0.002401129869908873,416.470601,108,6
13790,10.0.1.1,10.0.5.5,80,1375,1,1,29,29,0.0023990556779463134,0.0023990556779463134,416.830676,108,6
13775,10.0.1.1,10.0.5.5,80,1379,1,1,29,29,0.002380493716491635,0.002380493716491635,420.080924,108,6
49617,10.0.5.5,10.0.7.7,0,0,3,0,1,3,0.3035826394446138,0.0,9.881988,228,1
22269,10.0.1.1,10.0.5.5,6172,80,1,1,29,29,0.0024483111389399215,0.0024483111389399215,408.444819,108,6
26355,10.0.1.1,10.0.5.5,6184,80,1,1,29,29,0.002328546685833524,0.002328546685833524,429.452416,108,6
22258,10.0.1.1,10.0.5.5,6188,80,1,1,29,29,0.002453577666485948,0.002453577666485948,407.568105,108,6
63220,10.0.1.1,10.0.5.5,6196,80,1,1,29,29,0.0024568859933624815,0.0024568859933624815,407.019293,108,6
26060,10.0.1.1,10.0.5.5,80,1382,1,1,29,29,0.002379701202051805,0.002379701202051805,420.220824,108,6
42729,10.0.1.1,10.0.5.5,6232,80,1,1,29,29,0.0024396295433272825,0.0024396295433272825,409.898299,108,6
50916,10.0.1.1,10.0.5.5,6240,80,1,1,29,29,0.0023119733941615998,0.0023119733941615998,432.530929,108,6
38345,10.0.1.1,10.0.5.5,80,1385,1,1,29,29,0.0023764170173654177,0.0023764170173654177,420.801565,108,6
50634,10.0.1.1,10.0.5.5,80,1388,1,1,29,29,0.0023749546647872733,0.0023749546647872733,421.060669,108,6
22243,10.0.1.1,10.0.5.5,6268,80,1,1,29,29,0.0024322983615172335,0.0024322983615172335,411.133772,108,6
42709,10.0.1.1,10.0.5.5,6296,80,1,1,29,29,0.002461226078180817,0.002461226078180817,406.301562,108,6
26051,10.0.1.1,10.0.5.5,80,1394,1,1,31,18,0.002380432007180221,0.002380432007180221,420.091814,108,6
38637,10.0.1.1,10.0.5.5,6540,80,1,1,31,18,0.0023159947229874954,0.0023159947229874954,431.779913,108,6
1765,10.0.1.1,10.0.5.5,6560,80,1,1,31,18,0.002426030770619504,0.002426030770619504,412.195926,108,6
13760,10.0.1.1,10.0.5.5,80,1399,1,1,31,18,0.002377864463513734,0.002377864463513734,420.545416,108,6
65365,10.0.4.4,10.0.5.5,41764,80,3,0,31,18,0.4551250494000314,0.0,6.591595,159,17
1780,10.0.1.1,10.0.5.5,6640,80,1,1,31,18,0.0024484962366931144,0.0024484962366931144,408.413942,108,6
50629,10.0.1.1,10.0.5.5,80,1400,1,1,31,18,0.0023793009421584424,0.0023793009421584424,420.291516,108,6
22263,10.0.1.1,10.0.5.5,6652,80,1,1,31,18,0.0024518928087778704,0.0024518928087778704,407.848172,108,6
63110,10.0.1.1,10.0.5.5,6676,80,1,1,31,18,0.002357871485747286,0.002357871485747286,424.111325,108,6
42629,10.0.1.1,10.0.5.5,6680,80,1,1,31,18,0.0023587641159177075,0.0023587641159177075,423.950828,108,6
42331,10.0.1.1,10.0.5.5,80,1838,1,1,31,18,0.002349479580405126,0.002349479580405126,425.626172,108,6
21875,10.0.1.1,10.0.5.5,80,1869,1,1,31,18,0.002327583869881954,0.002327583869881954,429.630061,108,6
42271,10.0.1.1,10.0.5.5,80,2014,1,1,31,18,0.002867310002526932,0.002867310002526932,348.758941,108,6
22159,10.0.1.1,10.0.5.5,6716,80,1,1,31,18,0.0023613572704718052,0.0023613572704718052,423.485261,108,6
50789,10.0.1.1,10.0.5.5,80,2104,0,2,31,18,0.0,0.005570305120063763,359.046759,108,6
63127,10.0.1.1,10.0.5.5,6724,80,1,1,31,18,0.002368570335516823,0.002368570335516823,422.195611,108,6
38412,10.0.1.1,10.0.5.5,80,2405,0,2,31,18,0.0,0.004464476550727559,447.98085,108,6
13829,10.0.1.1,10.0.5.5,80,2427,0,2,31,18,0.0,0.004450694475573035,449.368073,108,6
1682,10.0.1.1,10.0.5.5,6736,80,1,1,31,18,0.0023528595294768453,0.0023528595294768453,425.014748,108,6
22090,10.0.1.1,10.0.5.5,80,2449,0,2,31,18,0.0,0.004457972190777172,448.634472,108,6
63088,10.0.1.1,10.0.5.5,80,2507,0,2,31,18,0.0,0.004473913055888507,447.035956,108,6
42605,10.0.1.1,10.0.5.5,80,2534,0,2,31,18,0.0,0.004504804287054661,443.970453,108,6
22230,10.0.1.1,10.0.5.5,80,2561,0,2,31,18,0.0,0.004523705085461045,442.11547,108,6
14034,10.0.1.1,10.0.5.5,80,2575,0,2,31,18,0.0,0.0045350482793756995,441.009638,108,6
26319,10.0.1.1,10.0.5.5,80,2594,0,2,31,18,0.0,0.0045524614250709305,439.322778,108,6
50883,10.0.1.1,10.0.5.5,80,2608,0,2,31,18,0.0,0.004564908035921909,438.124927,108,6
26343,10.0.1.1,10.0.5.5,80,2626,0,2,31,18,0.0,0.004575773527250741,437.084569,108,6
63209,10.0.1.1,10.0.5.5,80,2647,0,2,31,18,0.0,0.004587818734749604,435.937014,108,6
1784,10.0.1.1,10.0.5.5,80,2664,0,2,31,18,0.0,0.004597235285681314,435.044081,108,6
14069,10.0.1.1,10.0.5.5,80,2683,0,2,31,18,0.0,0.004612145349602209,433.637678,108,6
63149,10.0.1.1,10.0.5.5,80,2727,0,2,31,18,0.0,0.00464052708034684,430.985525,108,6
50824,10.0.1.1,10.0.5.5,80,2772,0,2,34,25,0.0,0.00465391155320675,429.746027,108,6
48657,10.0.3.3,10.0.5.5,60531,5001,4,0,34,25,0.4952393875770685,0.0,8.076902,220,17
22162,10.0.1.1,10.0.5.5,80,2801,0,2,34,25,0.0,0.004667631094159219,428.482877,108,6
50827,10.0.1.1,10.0.5.5,80,2832,0,2,34,25,0.0,0.004682095380486677,427.159175,108,6
50835,10.0.1.1,10.0.5.5,7056,80,1,1,34,25,0.002333108801941561,0.002333108801941561,428.612673,108,6
38577,10.0.1.1,10.0.5.5,80,2889,0,2,34,25,0.0,0.004709205201372714,424.700117,108,6
50934,10.0.1.1,10.0.5.5,80,3004,0,2,34,25,0.0,0.004853299604065877,412.090776,108,6
38604,10.0.1.1,10.0.5.5,80,3045,0,2,34,25,0.0,0.004900948258013322,408.084292,108,6
1673,10.0.1.1,10.0.5.5,7136,80,1,1,34,25,0.002341095256506503,0.002341095256506503,427.150496,108,6
42809,10.0.1.1,10.0.5.5,80,3094,0,2,34,25,0.0,0.004923291693724052,406.232278,108,6
38664,10.0.1.1,10.0.5.5,80,3157,0,2,34,25,0.0,0.004945223820372677,404.430633,108,6
14101,10.0.1.1,10.0.5.5,80,3195,0,2,34,25,0.0,0.004954410824511712,403.680694,108,6
22347,10.0.1.1,10.0.5.5,80,3245,0,2,34,25,0.0,0.0050347105912540826,397.242297,108,6
42854,10.0.1.1,10.0.5.5,80,3266,0,2,34,25,0.0,0.005053759097072758,395.745021,108,6
1898,10.0.1.1,10.0.5.5,80,3280,0,2,34,25,0.0,0.0050561789770863525,395.555618,108,6
38403,10.0.1.1,10.0.5.5,7212,80,1,1,34,25,0.002217468831396698,0.002217468831396698,450.964625,108,6
22397,10.0.1.1,10.0.5.5,80,3301,0,2,34,25,0.0,0.005062118163161424,395.091528,108,6
42871,10.0.1.1,10.0.5.5,80,3326,0,2,34,25,0.0,0.0050799968309963766,393.701033,108,6
11915,10.0.2.2,10.0.5.5,33479,5000,6,0,34,25,0.6701454662425391,0.0,8.95328,6396,17
1900,10.0.1.1,10.0.5.5,80,3352,0,2,34,25,0.0,0.005097893705806518,392.31889,108,6
22395,10.0.1.1,10.0.5.5,80,3373,0,2,34,25,0.0,0.005106564281312446,391.652761,108,6
26452,10.0.1.1,10.0.5.5,80,3398,0,2,34,25,0.0,0.00512573838632109,390.187686,108,6
32312,10.0.1.1,10.0.5.5,7474,80,1,1,34,25,0.006126578355919832,0.006126578355919832,163.223245,102,6
50708,10.0.1.1,10.0.5.5,7584,80,1,1,34,25,0.0022037531449871322,0.0022037531449871322,453.771332,108,6
50698,10.0.1.1,10.0.5.5,7616,80,1,1,34,25,0.002212204103543045,0.002212204103543045,452.037856,108,6
1654,10.0.1.1,10.0.5.5,7696,80,1,1,34,25,0.0027173529660418486,0.0027173529660418486,368.005192,108,6
50813,10.0.1.1,10.0.5.5,7728,80,1,1,34,25,0.0022314224314529847,0.0022314224314529847,448.144639,108,6
63085,10.0.1.1,10.0.5.5,7780,80,1,1,34,25,0.0027349155955955465,0.0027349155955955465,365.641997,108,6
38477,10.0.1.1,10.0.5.5,7884,80,1,1,34,25,0.002213127879760727,0.002213127879760727,451.849172,108,6
13892,10.0.1.1,10.0.5.5,7908,80,1,1,34,25,0.002208465567509673,0.002208465567509673,452.803075,108,6
50763,10.0.1.1,10.0.5.5,7952,80,1,1,34,25,0.0022106305011761087,0.0022106305011761087,452.359632,108,6
38489,10.0.1.1,10.0.5.5,8012,80,1,1,34,25,0.002212636525177537,0.002212636525177537,451.949513,108,6
22113,10.0.1.1,10.0.5.5,8092,80,1,1,34,25,0.002736088221947077,0.002736088221947077,365.485291,108,6
42613,10.0.1.1,10.0.5.5,8152,80,1,1,34,25,0.002711541323413893,0.002711541323413893,368.793937,108,6
50015,10.0.1.1,10.0.5.5,80,6240,0,2,2,8,0.0,0.009034596900160237,221.371249,102,6
11915,10.0.2.2,10.0.5.5,33479,5000,8,0,2,8,1.4266238322861022,0.0,5.607645,8528,17
48657,10.0.3.3,10.0.5.5,60531,5001,6,0,3,40,1.042831886462026,0.0,5.753564,330,17
65365,10.0.4.4,10.0.5.5,41764,80,5,0,3,40,0.7913554859057215,0.0,6.318273,265,17
49617,10.0.5.5,10.0.7.7,0,0,2,0,1,2,0.2687398693467377,0.0,7.442141,152,1
11915,10.0.2.2,10.0.5.5,33479,5000,7,0,3,40,1.1072806231901895,0.0,6.321794,7462,17
48657,10.0.3.3,10.0.5.5,60531,5001,4,0,3,40,0.6267926269129711,0.0,6.381696,220,17
65365,10.0.4.4,10.0.5.5,41764,80,3,0,3,40,0.4684965726352401,0.0,6.403462,159,17
11915,10.0.2.2,10.0.5.5,33479,5000,9,0,3,40,1.770801258055916,0.0,5.082445,9594,17
48657,10.0.3.3,10.0.5.5,60531,5001,6,0,3,40,1.1629412489833955,0.0,5.159332,330,17
11915,10.0.2.2,10.0.5.5,33479,5000,9,0,3,40,1.5012112272585263,0.0,5.995159,9594,17
65365,10.0.4.4,10.0.5.5,41764,80,5,0,3,40,0.6912574595320602,0.0,7.233195,265,17
48657,10.0.3.3,10.0.5.5,60531,5001,4,0,3,40,0.7064040115271006,0.0,5.662482,220,17
49617,10.0.5.5,10.0.7.7,0,0,2,0,2,2,0.3052143894544766,0.0,6.552771,152,1
26170,10.0.5.5,10.0.7.7,58878,5001,0,2,2,2,0.0,0.00412571969802199,484.763907,102,17
11915,10.0.2.2,10.0.5.5,33479,5000,10,0,3,40,1.9032762616913503,0.0,5.254098,10660,17
65365,10.0.4.4,10.0.5.5,41764,80,5,0,3,40,0.8839477388882023,0.0,5.656443,265,17
48657,10.0.3.3,10.0.5.5,60531,5001,7,0,3,40,1.2881736458074549,0.0,5.43405,385,17
49617,10.0.5.5,10.0.7.7,0,0,4,0,1,4,0.4531103305530484,0.0,8.827872,304,1
11915,10.0.2.2,10.0.5.5,33479,5000,11,0,3,18,1.8607747995607218,0.0,5.911516,11726,17
65365,10.0.4.4,10.0.5.5,41764,80,3,0,3,18,0.5667022744595785,0.0,5.293785,159,17
48657,10.0.3.3,10.0.5.5,60531,5001,4,0,3,18,0.7543577360517368,0.0,5.302524,220,17
11915,10.0.2.2,10.0.5.5,33479,5000,12,0,3,23,2.2764087603038323,0.0,5.271461,12792,17
48657,10.0.3.3,10.0.5.5,60531,5001,6,0,3,23,0.9636277114275486,0.0,6.226471,330,17
65365,10.0.4.4,10.0.5.5,41764,80,5,0,3,23,0.657172625185142,0.0,7.608351,265,17
49617,10.0.5.5,10.0.7.7,0,0,2,0,1,2,0.39645552898863007,0.0,5.044702,152,1
11915,10.0.2.2,10.0.5.5,33479,5000,6,0,1,6,1.1750614361287521,0.0,5.106116,6396,17
48657,10.0.3.3,10.0.5.5,60531,5001,4,0,3,13,0.664855710520494,0.0,6.016343,220,17
65365,10.0.4.4,10.0.5.5,41764,80,3,0,3,13,0.4983008770593737,0.0,6.020459,159,17
11915,10.0.2.2,10.0.5.5,33479,5000,6,0,3,13,1.181905965197597,0.0,5.076546,6396,17
49617,10.0.5.5,10.0.7.7,0,0,2,0,1,2,0.3931125115525939,0.0,5.087602,152,1
48657,10.0.3.3,10.0.5.5,60531,5001,4,0,2,10,0.6631228277546743,0.0,6.032065,220,17
11915,10.0.2.2,10.0.5.5,33479,5000,6,0,2,10,1.185860276408219,0.0,5.059618,6396,17
65365,10.0.4.4,10.0.5.5,41764,80,3,0,1,3,0.4977995600115622,0.0,6.026522,159,17
11915,10.0.2.2,10.0.5.5,33479,5000,6,0,2,10,1.180087208444704,0.0,5.08437,6396,17
49617,10.0.5.5,10.0.7.7,0,0,2,0,1,2,0.39440994891207937,0.0,5.070866,152,1
48657,10.0.3.3,10.0.5.5,60531,5001,4,0,2,10,0.6627618945048754,0.0,6.03535,220,17
